,title,artist,top genre,year,added,bpm,nrgy,dnce,dB,live,val,dur,acous,spch,pop,country
2,22,TINI,latin pop,2019,31/12/1969,176,64,70,-5,9,81,159,1,9,76,Argentina
3,110,Capital Bra,german hip hop,2019,31/12/1969,179,75,48,-5,10,42,195,53,43,76,Germany
4,2002,Sido,german hip hop,2019,31/12/1969,160,69,66,-8,10,49,237,21,24,82,Germany
5,+,Aitana,latin pop,2019,31/12/1969,160,67,56,-4,12,68,219,11,3,76,Spain
6,"10,000 Hours (with Justin Bieber)",Dan + Shay,contemporary country,2019,31/12/1969,90,63,65,-5,11,43,168,15,3,93,Indonesia
7,"10,000 Hours (with Justin Bieber)",Dan + Shay,contemporary country,2019,31/12/1969,90,63,65,-5,11,43,168,15,3,93,Malasya
8,100 Degrees,Rich Brian,indonesian hip hop,2019,31/12/1969,81,65,76,-5,52,66,166,12,7,77,Indonesia
9,105 F Remix,KEVVO,perreo,2019,31/12/1969,100,75,90,-7,29,74,464,37,16,83,Chile
10,105 F Remix,KEVVO,perreo,2019,31/12/1969,100,75,90,-7,29,74,464,37,16,83,Spain
11,200 km/h,Apache 207,german hip hop,2019,31/12/1969,148,67,90,-6,11,41,163,27,16,79,Germany
12,2000 Miles - 2007 Remaster,Pretenders,album rock,1984,31/12/1969,66,71,22,-9,10,45,220,0,4,78,Australia
13,3 Batidas - Ao Vivo,Guilherme & Benuto,sertanejo pop,2019,31/12/1969,118,71,55,-5,76,53,157,61,13,82,Brazil
14,7 rings,Ariana Grande,dance pop,2019,31/12/1969,140,32,78,-11,9,33,179,59,33,92,Israel
15,8 Days of Christmas,Destiny's Child,dance pop,1999,31/12/1969,100,84,69,-1,6,64,210,5,19,67,Australia
16,8 Parche,Baani Sandhu,punjabi pop,2019,31/12/1969,174,86,65,-2,20,73,210,16,21,68,India
17,93% [Tijuana],GLK,francoton,2019,31/12/1969,136,69,80,-5,18,80,223,62,6,73,France
18,A Culpa é do Meu Grau (feat. Zé Neto & Cristiano) - Ao Vivo em Brasília,Diego & Victor Hugo,sertanejo pop,2019,31/12/1969,119,88,54,-3,93,63,183,72,10,80,Brazil
19,A Dónde Vamos,Morat,colombian pop,2019,31/12/1969,149,61,63,-13,23,96,203,1,4,77,Spain
20,A Gente Fez Amor - Ao Vivo,Gusttavo Lima,sertanejo universitario,2019,31/12/1969,134,94,79,-2,96,83,238,37,3,78,Brazil
21,A Holly Jolly Christmas - Single Version,Burl Ives,adult standards,1998,31/12/1969,140,37,67,-13,10,86,133,59,3,83,World
22,A Holly Jolly Christmas - Single Version,Burl Ives,adult standards,1998,31/12/1969,140,37,67,-13,10,86,133,59,3,83,Africa
23,A Holly Jolly Christmas - Single Version,Burl Ives,adult standards,1998,31/12/1969,140,37,67,-13,10,86,133,59,3,83,Australia
24,A Holly Jolly Christmas - Single Version,Burl Ives,adult standards,1998,31/12/1969,140,37,67,-13,10,86,133,59,3,83,Belgium
25,A Holly Jolly Christmas - Single Version,Burl Ives,adult standards,1998,31/12/1969,140,37,67,-13,10,86,133,59,3,83,Canada
26,A Holly Jolly Christmas - Single Version,Burl Ives,adult standards,1998,31/12/1969,140,37,67,-13,10,86,133,59,3,83,United States
27,Adan y Eva,Paulo Londra,argentine hip hop,2019,31/12/1969,172,71,77,-4,7,72,257,32,34,76,Bolivia
28,Adicto (with Anuel AA & Ozuna),Tainy,pop reggaeton,2019,31/12/1969,80,84,73,-5,18,62,271,2,7,92,Argentina
29,Adicto (with Anuel AA & Ozuna),Tainy,pop reggaeton,2019,31/12/1969,80,84,73,-5,18,62,271,2,7,92,Bolivia
30,Adicto (with Anuel AA & Ozuna),Tainy,pop reggaeton,2019,31/12/1969,80,84,73,-5,18,62,271,2,7,92,Colombia
31,Adicto (with Anuel AA & Ozuna),Tainy,pop reggaeton,2019,31/12/1969,80,84,73,-5,18,62,271,2,7,92,Chile
32,Adicto (with Anuel AA & Ozuna),Tainy,pop reggaeton,2019,31/12/1969,80,84,73,-5,18,62,271,2,7,92,Spain
33,Adonay,Rodolfo Aicardi,classic colombian pop,2014,31/12/1969,118,66,76,-6,6,97,187,67,5,54,Colombia
34,Adore You,Harry Styles,dance pop,2019,31/12/1969,99,77,68,-4,10,57,207,2,5,87,Australia
35,Adore You,Harry Styles,dance pop,2019,31/12/1969,99,77,68,-4,10,57,207,2,5,87,Malasya
36,Adu Rayu,Yovie Widianto,indonesian pop,2019,31/12/1969,100,37,56,-12,11,22,208,60,5,75,Indonesia
37,Aí Eu Bebo - Ao Vivo,Maiara & Maraisa,sertanejo universitario,2019,31/12/1969,136,68,83,-5,41,85,174,48,7,79,Brazil
38,Akulaleki,Samthing Soweto,afro house,2019,31/12/1969,116,67,90,-9,6,34,382,14,9,45,Africa
39,Algo Mais (Amante) - Ao Vivo,Xand Avião,funk carioca,2019,31/12/1969,140,84,70,-3,75,67,232,28,6,80,Brazil
40,Alguien Me Gusta,Andy Rivera,latin,2019,31/12/1969,93,52,67,-4,37,81,169,45,4,70,Colombia
41,Algún Día Volveras,Santaferia,cumbia chilena,2018,31/12/1969,94,71,65,-4,5,69,254,37,3,68,Chile
42,Alien,RIN,german cloud rap,2019,31/12/1969,138,60,84,-6,11,85,209,30,6,80,Germany
43,All I Want for Christmas Is You,Mariah Carey,dance pop,1994,31/12/1969,150,63,34,-7,7,35,241,16,4,98,World
44,All I Want for Christmas Is You,Mariah Carey,dance pop,1994,31/12/1969,150,63,34,-7,7,35,241,16,4,98,Africa
45,All I Want for Christmas Is You,Mariah Carey,dance pop,1994,31/12/1969,150,63,34,-7,7,35,241,16,4,98,Australia
46,All I Want for Christmas Is You,Mariah Carey,dance pop,1994,31/12/1969,150,63,34,-7,7,35,241,16,4,98,Belgium
47,All I Want for Christmas Is You,Mariah Carey,dance pop,1994,31/12/1969,150,63,34,-7,7,35,241,16,4,98,Bolivia
48,All I Want for Christmas Is You,Mariah Carey,dance pop,1994,31/12/1969,150,63,34,-7,7,35,241,16,4,98,Canada
49,All I Want for Christmas Is You,Mariah Carey,dance pop,1994,31/12/1969,150,63,34,-7,7,35,241,16,4,98,Germany
50,All I Want for Christmas Is You,Mariah Carey,dance pop,1994,31/12/1969,150,63,34,-7,7,35,241,16,4,98,Chile
51,All I Want for Christmas Is You,Mariah Carey,dance pop,1994,31/12/1969,150,63,34,-7,7,35,241,16,4,98,Spain
52,All I Want for Christmas Is You,Mariah Carey,dance pop,1994,31/12/1969,150,63,34,-7,7,35,241,16,4,98,United States
53,All I Want for Christmas Is You,Mariah Carey,dance pop,1994,31/12/1969,150,63,34,-7,7,35,241,16,4,98,France
54,All I Want for Christmas Is You,Mariah Carey,dance pop,1994,31/12/1969,150,63,34,-7,7,35,241,16,4,98,Italy
55,All I Want for Christmas Is You,Mariah Carey,dance pop,1994,31/12/1969,150,63,34,-7,7,35,241,16,4,98,Japan
56,All I Want for Christmas Is You,Mariah Carey,dance pop,1994,31/12/1969,150,63,34,-7,7,35,241,16,4,98,Malasya
57,Alocao (With Bad Gyal),Omar Montes,trap espanol,2019,31/12/1969,178,75,67,-5,11,70,209,21,6,84,Spain
58,Amor a Primera Vista,Los Angeles Azules,grupera,2019,31/12/1969,170,76,66,-6,41,95,221,32,6,81,Bolivia
59,ANSIA NO,FSK SATELLITE,italian hip hop,2019,31/12/1969,160,68,82,-7,22,71,149,15,56,73,Italy
60,April,Fiersa Besari,indonesian indie,2014,31/12/1969,80,47,36,-8,19,57,264,59,3,72,Indonesia
61,Aristocrate,Heuss L'enfoiré,french hip hop,2019,31/12/1969,117,61,94,-6,10,63,170,27,7,74,France
62,Atrévete,Nicky Jam,latin,2019,31/12/1969,184,68,55,-4,12,59,198,31,30,83,Bolivia
63,Áudio - Ao Vivo em Brasília,Diego & Victor Hugo,sertanejo pop,2019,31/12/1969,110,81,61,-5,42,45,190,52,4,77,Brazil
64,Avant toi,Vitaa,francoton,2019,31/12/1969,142,40,63,-9,10,25,224,88,3,72,France
65,Aventura,Lunay,latin,2019,31/12/1969,92,73,73,-3,10,88,217,22,4,90,Argentina
66,Aventura,Lunay,latin,2019,31/12/1969,92,73,73,-3,10,88,217,22,4,90,Bolivia
67,Aventura,Lunay,latin,2019,31/12/1969,92,73,73,-3,10,88,217,22,4,90,Colombia
68,Aventura,Lunay,latin,2019,31/12/1969,92,73,73,-3,10,88,217,22,4,90,Chile
69,Aventura,Lunay,latin,2019,31/12/1969,92,73,73,-3,10,88,217,22,4,90,Spain
70,Aventurero,Yeison Jimenez,colombian pop,2019,31/12/1969,93,63,85,-4,13,90,190,51,3,54,Colombia
71,Ayy Macarena,Tyga,pop rap,2019,31/12/1969,96,63,82,-6,7,72,132,13,23,90,Germany
72,Ayy Macarena,Tyga,pop rap,2019,31/12/1969,96,63,82,-6,7,72,132,13,23,90,Italy
73,B11 (feat. Myke Towers),Rvssian,latin,2019,31/12/1969,100,72,76,-5,13,20,252,7,12,83,Chile
74,B11 (feat. Myke Towers),Rvssian,latin,2019,31/12/1969,100,72,76,-5,13,20,252,7,12,83,Spain
75,Baby It's Cold Outside (duet with Michael Bublé),Idina Menzel,hollywood,2014,31/12/1969,113,48,55,-9,28,56,166,65,6,81,Australia
76,"Baby, It's Cold Outside",Brett Eldredge,contemporary country,2016,31/12/1969,114,57,58,-5,27,68,174,74,4,85,Canada
77,"Baby, It's Cold Outside",Dean Martin,adult standards,1959,31/12/1969,130,20,47,-16,5,54,144,88,6,79,Canada
78,"Baby, It's Cold Outside",Dean Martin,adult standards,1959,31/12/1969,130,20,47,-16,5,54,144,88,6,79,United States
79,bad guy,Billie Eilish,electropop,2019,31/12/1969,135,43,70,-11,10,56,194,33,38,96,Belgium
80,bad guy,Billie Eilish,electropop,2019,31/12/1969,135,43,70,-11,10,56,194,33,38,96,India
81,bad guy,Billie Eilish,electropop,2019,31/12/1969,135,43,70,-11,10,56,194,33,38,96,Israel
82,bad guy,Billie Eilish,electropop,2019,31/12/1969,135,43,70,-11,10,56,194,33,38,96,Japan
83,bad guy,Billie Eilish,electropop,2019,31/12/1969,135,43,70,-11,10,56,194,33,38,96,Malasya
84,Baianá,Bakermat,deep euro house,2019,31/12/1969,122,76,50,-7,33,49,182,0,5,77,France
85,Bandit (with YoungBoy Never Broke Again),Juice WRLD,chicago rap,2019,31/12/1969,180,63,47,-6,13,43,189,7,34,94,United States
86,Barrio,Mahmood,italian arena pop,2019,31/12/1969,122,70,80,-7,11,57,165,6,7,77,Italy
87,Bâtiment,Niska,french hip hop,2019,31/12/1969,168,70,66,-7,7,65,211,29,14,76,France
88,Beautiful People (feat. Khalid),Ed Sheeran,pop,2019,31/12/1969,93,65,64,-8,8,55,198,12,19,86,Africa
89,Beautiful People (feat. Khalid),Ed Sheeran,pop,2019,31/12/1969,93,65,64,-8,8,55,198,12,19,86,Indonesia
90,Beautiful People (feat. Khalid),Ed Sheeran,pop,2019,31/12/1969,93,65,64,-8,8,55,198,12,19,86,Israel
91,Beautiful People (feat. Khalid),Ed Sheeran,pop,2019,31/12/1969,93,65,64,-8,8,55,198,12,19,86,Malasya
92,Bebi Liguei - Ao Vivo,Marília Mendonça,sertanejo,2019,31/12/1969,154,80,60,-4,74,68,160,36,20,81,Brazil
93,Bebi Minha Bicicleta (Coração Falido) - Ao Vivo,Zé Neto & Cristiano,sertanejo universitario,2019,31/12/1969,196,90,39,-4,91,47,182,45,41,68,Brazil
94,Before You Go,Lewis Capaldi,pop,2019,31/12/1969,112,57,46,-5,9,18,215,60,6,82,Malasya
95,"Bekhayali (From ""Kabir Singh"")",Sachet Tandon,desi pop,2019,31/12/1969,172,59,31,-5,32,35,372,45,4,68,India
96,Believer,Imagine Dragons,modern rock,2017,31/12/1969,125,78,78,-4,8,67,204,6,13,89,India
97,Bellaquita,Dalex,latin,2019,31/12/1969,166,70,58,-4,17,77,205,9,11,85,Bolivia
98,Bellaquita - Remix,Dalex,latin,2019,31/12/1969,166,72,80,-4,18,76,305,14,8,87,Argentina
99,Bellaquita - Remix,Dalex,latin,2019,31/12/1969,166,72,80,-4,18,76,305,14,8,87,Bolivia
100,Bellaquita - Remix,Dalex,latin,2019,31/12/1969,166,72,80,-4,18,76,305,14,8,87,Colombia
101,Bellaquita - Remix,Dalex,latin,2019,31/12/1969,166,72,80,-4,18,76,305,14,8,87,Chile
102,Bellaquita - Remix,Dalex,latin,2019,31/12/1969,166,72,80,-4,18,76,305,14,8,87,Spain
103,Bicara (feat. Monita Tahalea),TheOvertunes,indonesian pop,2019,31/12/1969,77,37,57,-9,8,37,236,56,3,68,Indonesia
104,Blanca Navidad,Luis Miguel,bolero,2006,31/12/1969,90,40,36,-11,7,18,212,73,3,67,Chile
105,Blanco,J Balvin,latin,2019,31/12/1969,100,71,87,-5,9,59,146,3,13,87,Argentina
106,Blanco,J Balvin,latin,2019,31/12/1969,100,71,87,-5,9,59,146,3,13,87,Bolivia
107,Blanco,J Balvin,latin,2019,31/12/1969,100,71,87,-5,9,59,146,3,13,87,Colombia
108,Blanco,J Balvin,latin,2019,31/12/1969,100,71,87,-5,9,59,146,3,13,87,Spain
109,Blinding Lights,The Weeknd,canadian contemporary r&b,2019,31/12/1969,171,80,51,-4,9,35,202,0,6,96,World
110,Blinding Lights,The Weeknd,canadian contemporary r&b,2019,31/12/1969,171,80,51,-4,9,35,202,0,6,96,Belgium
111,Blinding Lights,The Weeknd,canadian contemporary r&b,2019,31/12/1969,171,80,51,-4,9,35,202,0,6,96,Germany
112,Blinding Lights,The Weeknd,canadian contemporary r&b,2019,31/12/1969,171,80,51,-4,9,35,202,0,6,96,France
113,Blinding Lights,The Weeknd,canadian contemporary r&b,2019,31/12/1969,171,80,51,-4,9,35,202,0,6,96,India
114,Blinding Lights,The Weeknd,canadian contemporary r&b,2019,31/12/1969,171,80,51,-4,9,35,202,0,6,96,Israel
115,Blinding Lights,The Weeknd,canadian contemporary r&b,2019,31/12/1969,171,80,51,-4,9,35,202,0,6,96,Malasya
116,Block,Larry,french hip hop,2019,31/12/1969,77,74,72,-7,41,71,157,29,28,65,France
117,Blue Christmas,Elvis Presley,adult standards,1957,31/12/1969,95,27,47,-17,14,58,129,90,4,87,World
118,Blue Christmas,Elvis Presley,adult standards,1957,31/12/1969,95,27,47,-17,14,58,129,90,4,87,Africa
119,Blue Christmas,Elvis Presley,adult standards,1957,31/12/1969,95,27,47,-17,14,58,129,90,4,87,Australia
120,Blue Christmas,Elvis Presley,adult standards,1957,31/12/1969,95,27,47,-17,14,58,129,90,4,87,Belgium
121,Blue Christmas,Elvis Presley,adult standards,1957,31/12/1969,95,27,47,-17,14,58,129,90,4,87,Canada
122,Blue Christmas,Elvis Presley,adult standards,1957,31/12/1969,95,27,47,-17,14,58,129,90,4,87,United States
123,blun7 a swishland,tha Supreme,trap italiana,2019,31/12/1969,130,79,69,-6,26,57,168,13,25,80,Italy
124,BOP,DaBaby,nc hip hop,2019,31/12/1969,127,79,77,-4,13,84,160,19,37,92,United States
126,Bossoli,Shiva,italian hip hop,2019,31/12/1969,145,66,83,-8,14,80,179,44,26,77,Italy
127,Boy With Luv (feat. Halsey),BTS,k-pop,2019,31/12/1969,120,86,65,-5,19,80,230,9,10,87,Indonesia
128,Boy With Luv (feat. Halsey),BTS,k-pop,2019,31/12/1969,120,86,65,-5,19,80,230,9,10,87,Malasya
129,BRAVI A CADERE - I polmoni,Marracash,italian hip hop,2019,31/12/1969,95,69,61,-6,10,28,200,16,10,77,Italy
130,C90 - Remix,John C,argentine hip hop,2019,31/12/1969,123,76,87,-5,7,61,316,34,9,72,Argentina
131,Callaita,Bad Bunny,latin,2019,31/12/1969,176,62,61,-5,24,24,251,60,31,92,Argentina
132,Callaita,Bad Bunny,latin,2019,31/12/1969,176,62,61,-5,24,24,251,60,31,92,Bolivia
133,Callaita,Bad Bunny,latin,2019,31/12/1969,176,62,61,-5,24,24,251,60,31,92,Colombia
134,Callaita,Bad Bunny,latin,2019,31/12/1969,176,62,61,-5,24,24,251,60,31,92,Chile
135,Callaita,Bad Bunny,latin,2019,31/12/1969,176,62,61,-5,24,24,251,60,31,92,Spain
136,Calma - Remix,Pedro Capó,latin,2018,31/12/1969,127,77,83,-4,14,76,238,32,5,87,Argentina
137,Can We Kiss Forever?,Kina,pop,2018,31/12/1969,110,13,52,-19,9,12,188,89,4,84,Indonesia
138,CANGURO,WOS,argentine indie,2019,31/12/1969,164,75,60,-4,67,93,197,17,33,73,Argentina
139,Cariñito,Rodolfo Aicardi,classic colombian pop,2012,31/12/1969,106,57,68,-6,8,95,227,82,3,53,Colombia
140,Carol of the Bells,Mykola Dmytrovych Leontovych,post-romantic era,1990,31/12/1969,47,11,42,-23,18,80,85,99,4,84,United States
141,Carreira Solo - Ao Vivo,Gusttavo Lima,sertanejo universitario,2019,31/12/1969,127,93,81,-1,87,92,216,41,4,67,Brazil
142,Celengan Rindu,Fiersa Besari,indonesian indie,2014,31/12/1969,117,54,64,-8,14,66,224,11,4,76,Indonesia
143,ch1 5ei te,tha Supreme,trap italiana,2019,31/12/1969,88,78,49,-6,16,32,184,5,7,76,Italy
144,Chal Bombay,DIVINE,desi hip hop,2019,31/12/1969,95,62,86,-7,12,51,174,4,32,68,India
145,Chama Ela (feat. Pedro Sampaio),Lexa,baile pop,2019,31/12/1969,150,84,89,-2,6,96,120,46,15,83,Brazil
146,Chandigarh Mein,Badshah,desi hip hop,2019,31/12/1969,100,87,81,-2,7,34,205,1,6,64,India
147,"CHARLES MANSON (BUON NATALE2) (feat. Lazza) - feat. Dani Faiv, Nitro",Salmo,italian hip hop,2019,31/12/1969,120,83,72,-5,44,48,258,1,21,76,Italy
148,Cheirosa - Ao Vivo,Jorge & Mateus,sertanejo,2019,31/12/1969,152,87,53,-3,33,71,182,24,9,85,Brazil
149,Chiasso,Random,italian hip hop,2019,31/12/1969,92,45,72,-13,10,46,182,25,19,78,Italy
150,China,Anuel AA,latin,2019,31/12/1969,105,81,79,-4,8,61,302,8,9,94,Argentina
151,China,Anuel AA,latin,2019,31/12/1969,105,81,79,-4,8,61,302,8,9,94,Bolivia
152,China,Anuel AA,latin,2019,31/12/1969,105,81,79,-4,8,61,302,8,9,94,Colombia
153,China,Anuel AA,latin,2019,31/12/1969,105,81,79,-4,8,61,302,8,9,94,Chile
154,China,Anuel AA,latin,2019,31/12/1969,105,81,79,-4,8,61,302,8,9,94,Spain
155,choque térmico - ao vivo,Luan Santana,funk carioca,2019,31/12/1969,127,76,74,-6,83,73,180,34,4,81,Brazil
156,Christmas (Baby Please Come Home),Mariah Carey,dance pop,1994,31/12/1969,127,78,57,-7,11,70,153,2,3,88,World
157,Christmas (Baby Please Come Home),Darlene Love,adult standards,2019,31/12/1969,126,76,34,-7,8,36,166,39,5,82,World
158,Christmas (Baby Please Come Home),Mariah Carey,dance pop,1994,31/12/1969,127,78,57,-7,11,70,153,2,3,88,Africa
159,Christmas (Baby Please Come Home),Darlene Love,adult standards,2019,31/12/1969,126,76,34,-7,8,36,166,39,5,82,Africa
160,Christmas (Baby Please Come Home),Mariah Carey,dance pop,1994,31/12/1969,127,78,57,-7,11,70,153,2,3,88,Belgium
161,Christmas (Baby Please Come Home),Darlene Love,adult standards,2019,31/12/1969,126,76,34,-7,8,36,166,39,5,82,Belgium
162,Christmas (Baby Please Come Home),Mariah Carey,dance pop,1994,31/12/1969,127,78,57,-7,11,70,153,2,3,88,Canada
163,Christmas (Baby Please Come Home),Darlene Love,adult standards,2019,31/12/1969,126,76,34,-7,8,36,166,39,5,82,Canada
164,Christmas (Baby Please Come Home),Mariah Carey,dance pop,1994,31/12/1969,127,78,57,-7,11,70,153,2,3,88,United States
165,Christmas (Baby Please Come Home),Darlene Love,adult standards,2019,31/12/1969,126,76,34,-7,8,36,166,39,5,82,United States
166,Christmas Lights,Coldplay,permanent wave,2010,31/12/1969,131,42,31,-9,8,24,242,13,3,87,World
167,Christmas Lights,Coldplay,permanent wave,2010,31/12/1969,131,42,31,-9,8,24,242,13,3,87,Australia
168,Christmas Lights,Coldplay,permanent wave,2010,31/12/1969,131,42,31,-9,8,24,242,13,3,87,Belgium
169,Christmas Lights,Coldplay,permanent wave,2010,31/12/1969,131,42,31,-9,8,24,242,13,3,87,Canada
170,Christmas Lights,Coldplay,permanent wave,2010,31/12/1969,131,42,31,-9,8,24,242,13,3,87,Germany
171,Christmas Time,Bryan Adams,album rock,2019,31/12/1969,77,58,50,-4,10,32,243,47,3,72,Germany
172,Christmas Time Is Here - Vocal,Vince Guaraldi Trio,adult standards,1965,31/12/1969,75,14,39,-20,10,9,166,98,3,75,United States
173,Cin Cin,Alfa,italian arena pop,2019,31/12/1969,121,63,70,-4,13,37,180,26,3,65,Italy
174,Cinta Luar Biasa,Andmesh,indonesian pop,2019,31/12/1969,136,23,58,-12,10,32,256,81,3,66,Indonesia
175,Cinta Luar Biasa,Andmesh,indonesian pop,2019,31/12/1969,136,23,58,-12,10,32,256,81,3,66,Malasya
176,Circles,Post Malone,dfw rap,2019,31/12/1969,120,76,70,-3,9,55,215,19,4,99,World
177,Circles,Post Malone,dfw rap,2019,31/12/1969,120,76,70,-3,9,55,215,19,4,99,Africa
178,Circles,Post Malone,dfw rap,2019,31/12/1969,120,76,70,-3,9,55,215,19,4,99,Australia
179,Circles,Post Malone,dfw rap,2019,31/12/1969,120,76,70,-3,9,55,215,19,4,99,Belgium
180,Circles,Post Malone,dfw rap,2019,31/12/1969,120,76,70,-3,9,55,215,19,4,99,United States
181,Circles,Post Malone,dfw rap,2019,31/12/1969,120,76,70,-3,9,55,215,19,4,99,India
182,Circles,Post Malone,dfw rap,2019,31/12/1969,120,76,70,-3,9,55,215,19,4,99,Israel
183,Circles,Post Malone,dfw rap,2019,31/12/1969,120,76,70,-3,9,55,215,19,4,99,Malasya
184,COLT,Samra,german hip hop,2019,31/12/1969,90,53,54,-6,10,18,180,35,43,83,Germany
185,Com ou Sem Mim (Ao Vivo em Fortaleza),Gustavo Mioto,sertanejo,2019,31/12/1969,142,72,61,-4,96,30,202,16,5,79,Brazil
186,Combatchy (feat. MC Rebecca),Anitta,baile pop,2019,31/12/1969,150,73,83,-3,2,61,158,38,8,86,Brazil
187,comethru,Jeremy Zucker,pop,2018,31/12/1969,94,18,80,-12,62,61,182,61,6,86,Indonesia
188,comethru,Jeremy Zucker,pop,2018,31/12/1969,94,18,80,-12,62,61,182,61,6,86,Malasya
189,Cómo estás,Ke Personajes,cumbia pop,2019,31/12/1969,135,86,59,-2,4,98,227,29,6,72,Argentina
190,Compliqué,Dadju,francoton,2019,31/12/1969,75,74,70,-7,16,93,215,55,5,68,France
191,Con Altura,ROSALÍA,r&b en espanol,2019,31/12/1969,98,69,88,-4,5,75,162,39,12,88,Argentina
192,Con Altura,ROSALÍA,r&b en espanol,2019,31/12/1969,98,69,88,-4,5,75,162,39,12,88,Bolivia
193,Con Altura,ROSALÍA,r&b en espanol,2019,31/12/1969,98,69,88,-4,5,75,162,39,12,88,Colombia
194,Con Altura,ROSALÍA,r&b en espanol,2019,31/12/1969,98,69,88,-4,5,75,162,39,12,88,Spain
195,Con Calma,Daddy Yankee,latin,2019,31/12/1969,94,86,74,-3,6,66,193,11,6,88,Argentina
196,Contando Lunares (feat. Cruz Cafuné),Don Patricio,trap espanol,2019,31/12/1969,106,52,86,-10,5,71,220,44,13,81,Spain
197,Contatinho - Ao Vivo Em São Paulo / 2019,Leo Santana,axe,2019,31/12/1969,152,93,79,-5,95,81,173,22,8,82,Brazil
198,Coronao Now,El Alfa,dembow,2019,31/12/1969,118,73,94,-8,18,72,218,15,25,81,Chile
199,Côte Ouest,47ter,french hip hop,2019,31/12/1969,152,59,77,-8,18,58,233,50,9,59,France
200,CRUDELIA - I nervi,Marracash,italian hip hop,2019,31/12/1969,82,55,55,-8,34,7,231,15,10,80,Italy
201,Cuerpo en Venta,Noriel,latin,2019,31/12/1969,92,60,70,-6,10,41,254,16,30,85,Chile
202,Dan...,Sheila On 7,indonesian pop,1999,31/12/1969,125,54,66,-12,11,54,289,16,3,72,Indonesia
203,Dance Like,Harrdy Sandhu,desi pop,2019,31/12/1969,100,82,86,-3,30,54,172,38,10,64,India
204,Dance Monkey,Tones and I,australian pop,2019,31/12/1969,98,59,82,-6,15,51,209,69,9,100,World
205,Dance Monkey,Tones and I,australian pop,2019,31/12/1969,98,59,82,-6,15,51,209,69,9,100,Africa
206,Dance Monkey,Tones and I,australian pop,2019,31/12/1969,98,59,82,-6,15,51,209,69,9,100,Argentina
207,Dance Monkey,Tones and I,australian pop,2019,31/12/1969,98,59,82,-6,15,51,209,69,9,100,Australia
208,Dance Monkey,Tones and I,australian pop,2019,31/12/1969,98,59,82,-6,15,51,209,69,9,100,Belgium
209,Dance Monkey,Tones and I,australian pop,2019,31/12/1969,98,59,82,-6,15,51,209,69,9,100,Bolivia
210,Dance Monkey,Tones and I,australian pop,2019,31/12/1969,98,59,82,-6,15,51,209,69,9,100,Brazil
211,Dance Monkey,Tones and I,australian pop,2019,31/12/1969,98,59,82,-6,15,51,209,69,9,100,Canada
212,Dance Monkey,Tones and I,australian pop,2019,31/12/1969,98,59,82,-6,15,51,209,69,9,100,Germany
213,Dance Monkey,Tones and I,australian pop,2019,31/12/1969,98,59,82,-6,15,51,209,69,9,100,Colombia
214,Dance Monkey,Tones and I,australian pop,2019,31/12/1969,98,59,82,-6,15,51,209,69,9,100,Chile
215,Dance Monkey,Tones and I,australian pop,2019,31/12/1969,98,59,82,-6,15,51,209,69,9,100,Spain
216,Dance Monkey,Tones and I,australian pop,2019,31/12/1969,98,59,82,-6,15,51,209,69,9,100,France
217,Dance Monkey,Tones and I,australian pop,2019,31/12/1969,98,59,82,-6,15,51,209,69,9,100,Indonesia
218,Dance Monkey,Tones and I,australian pop,2019,31/12/1969,98,59,82,-6,15,51,209,69,9,100,Israel
219,Dance Monkey,Tones and I,australian pop,2019,31/12/1969,98,59,82,-6,15,51,209,69,9,100,Italy
220,Dance Monkey,Tones and I,australian pop,2019,31/12/1969,98,59,82,-6,15,51,209,69,9,100,Malasya
221,Daniela,Rodolfo Aicardi,classic colombian pop,2012,31/12/1969,142,56,62,-7,18,93,198,52,3,51,Colombia
222,Dans l'univers,Nekfeu,french hip hop,2019,31/12/1969,132,42,64,-10,14,20,244,33,17,75,France
223,Der Bratan bleibt der gleiche,Capital Bra,german hip hop,2019,31/12/1969,96,70,61,-4,57,67,192,13,37,83,Germany
224,Desconocidos,Mau y Ricky,latin,2019,31/12/1969,174,75,72,-5,21,68,205,12,18,79,Bolivia
225,Detente,Mike Bahía,colombian pop,2019,31/12/1969,172,59,74,-5,11,36,182,27,35,77,Bolivia
226,"Dheeme Dheeme (From ""Pati Patni Aur Woh"")",Tony Kakkar,desi pop,2019,31/12/1969,110,97,80,-2,35,69,177,15,4,68,India
227,Distant,Maes,french hip hop,2019,31/12/1969,105,73,75,-6,7,49,162,56,19,72,France
228,"DJ No Pare (feat. Zion, Dalex, Lenny Tavárez) - Remix",Justin Quiles,latin,2019,31/12/1969,170,71,74,-4,8,83,259,5,9,88,Argentina
229,"DJ No Pare (feat. Zion, Dalex, Lenny Tavárez) - Remix",Justin Quiles,latin,2019,31/12/1969,170,71,74,-4,8,83,259,5,9,88,Bolivia
230,"DJ No Pare (feat. Zion, Dalex, Lenny Tavárez) - Remix",Justin Quiles,latin,2019,31/12/1969,170,71,74,-4,8,83,259,5,9,88,Chile
231,"DJ No Pare (feat. Zion, Dalex, Lenny Tavárez) - Remix",Justin Quiles,latin,2019,31/12/1969,170,71,74,-4,8,83,259,5,9,88,Spain
232,Do They Know It's Christmas? - 1984 Version,Band Aid,NA,2004,31/12/1969,115,64,60,-7,10,35,223,16,4,87,World
233,Do They Know It's Christmas? - 1984 Version,Band Aid,NA,2004,31/12/1969,115,64,60,-7,10,35,223,16,4,87,Africa
234,Do They Know It's Christmas? - 1984 Version,Band Aid,NA,2004,31/12/1969,115,64,60,-7,10,35,223,16,4,87,Australia
235,Do They Know It's Christmas? - 1984 Version,Band Aid,NA,2004,31/12/1969,115,64,60,-7,10,35,223,16,4,87,Belgium
236,Do They Know It's Christmas? - 1984 Version,Band Aid,NA,2004,31/12/1969,115,64,60,-7,10,35,223,16,4,87,Canada
237,Do They Know It's Christmas? - 1984 Version,Band Aid,NA,2004,31/12/1969,115,64,60,-7,10,35,223,16,4,87,Germany
238,Do They Know It's Christmas? - 1984 Version,Band Aid,NA,2004,31/12/1969,115,64,60,-7,10,35,223,16,4,87,United States
239,Do You Hear What I Hear? - Remastered 2006,Bing Crosby,adult standards,2006,31/12/1969,102,25,57,-15,20,41,166,81,3,84,Canada
240,Do You Hear What I Hear? - Remastered 2006,Bing Crosby,adult standards,2006,31/12/1969,102,25,57,-15,20,41,166,81,3,84,United States
241,Doch in der Nacht,Apache 207,german hip hop,2019,31/12/1969,131,83,90,-7,21,71,192,12,7,81,Germany
242,Dois Lados,Wesley Safadão,forro,2019,31/12/1969,160,85,66,-4,10,93,147,42,5,77,Brazil
243,"Don't Be Shy Again (From ""Bala"")",Sachin-Jigar,desi pop,2019,31/12/1969,105,91,80,-4,31,91,164,10,6,65,India
244,Don't Start Now,Dua Lipa,dance pop,2019,31/12/1969,124,79,79,-5,10,68,183,1,8,97,World
245,Don't Start Now,Dua Lipa,dance pop,2019,31/12/1969,124,79,79,-5,10,68,183,1,8,97,Australia
246,Don't Start Now,Dua Lipa,dance pop,2019,31/12/1969,124,79,79,-5,10,68,183,1,8,97,Belgium
247,Don't Start Now,Dua Lipa,dance pop,2019,31/12/1969,124,79,79,-5,10,68,183,1,8,97,France
248,Don't Start Now,Dua Lipa,dance pop,2019,31/12/1969,124,79,79,-5,10,68,183,1,8,97,Israel
249,Don't Start Now,Dua Lipa,dance pop,2019,31/12/1969,124,79,79,-5,10,68,183,1,8,97,Malasya
250,Driving Home for Christmas - 2019 Remaster,Chris Rea,album rock,1987,31/12/1969,180,58,51,-11,18,87,242,36,4,83,World
251,Driving Home for Christmas - 2019 Remaster,Chris Rea,album rock,1987,31/12/1969,180,58,51,-11,18,87,242,36,4,83,Australia
252,Driving Home for Christmas - 2019 Remaster,Chris Rea,album rock,1987,31/12/1969,180,58,51,-11,18,87,242,36,4,83,Belgium
253,Driving Home for Christmas - 2019 Remaster,Chris Rea,album rock,1987,31/12/1969,180,58,51,-11,18,87,242,36,4,83,Canada
254,Driving Home for Christmas - 2019 Remaster,Chris Rea,album rock,1987,31/12/1969,180,58,51,-11,18,87,242,36,4,83,Germany
255,Dulce Pecado,Jessi Uribe,colombian pop,2019,31/12/1969,176,51,64,-4,13,77,175,61,5,63,Colombia
256,"Duniyaa (From ""Luka Chuppi"")",Akhil,desi pop,2019,31/12/1969,77,66,44,-6,13,52,223,70,4,71,India
257,Easy - Remix,Jhay Cortez,latin,2019,31/12/1969,94,75,89,-4,15,44,220,19,9,81,Spain
258,"Ek Toh Kum Zindagani (From ""Marjaavaan"")",Neha Kakkar,desi pop,2019,31/12/1969,128,97,67,-2,6,72,190,6,9,67,India
259,El Bombón,Los Palmeras,argentine rock,2016,31/12/1969,164,77,74,-5,8,87,204,20,6,63,Argentina
260,"El Favor (with Nicky Jam & Sech, feat. Farruko, Zion & Lunay)",Dimelo Flow,latin,2019,31/12/1969,88,65,75,-3,11,48,233,11,7,85,Argentina
261,"El Favor (with Nicky Jam & Sech, feat. Farruko, Zion & Lunay)",Dimelo Flow,latin,2019,31/12/1969,88,65,75,-3,11,48,233,11,7,85,Chile
262,El Hijo Ausente,Pastor Lopez,cumbia,2012,31/12/1969,107,73,76,-6,13,85,173,63,6,54,Colombia
263,El Jornalero (El Hijo de Tuta),Lisandro Meza,cumbia,2001,31/12/1969,95,72,85,-5,16,96,244,7,6,49,Colombia
264,Ela Vem,MC G15,brega funk,2019,31/12/1969,185,63,62,-7,7,59,197,62,55,81,Brazil
265,Elle est bonne sa mère,Vegedream,francoton,2019,31/12/1969,105,74,79,-5,34,47,197,33,6,70,France
266,En Barranquilla Me Quedo,Joe Arroyo,cumbia,2009,31/12/1969,104,79,62,-6,9,75,312,18,5,63,Colombia
267,Espaçosa Demais - Ao Vivo,Felipe Araújo,funk carioca,2018,31/12/1969,160,89,68,-4,23,71,179,38,8,80,Brazil
268,everything i wanted,Billie Eilish,electropop,2019,31/12/1969,120,23,70,-14,11,24,245,90,10,98,World
269,everything i wanted,Billie Eilish,electropop,2019,31/12/1969,120,23,70,-14,11,24,245,90,10,98,Belgium
270,everything i wanted,Billie Eilish,electropop,2019,31/12/1969,120,23,70,-14,11,24,245,90,10,98,Israel
271,everything i wanted,Billie Eilish,electropop,2019,31/12/1969,120,23,70,-14,11,24,245,90,10,98,Malasya
272,Fairytale of New York (feat. Kirsty MacColl),The Pogues,celtic punk,1988,31/12/1969,119,65,32,-6,24,47,272,50,3,86,World
274,Fairytale of New York (feat. Kirsty MacColl),The Pogues,celtic punk,1988,31/12/1969,119,65,32,-6,24,47,272,50,3,86,Australia
275,Fairytale of New York (feat. Kirsty MacColl),The Pogues,celtic punk,1988,31/12/1969,119,65,32,-6,24,47,272,50,3,86,Belgium
276,Fairytale of New York (feat. Kirsty MacColl),The Pogues,celtic punk,1988,31/12/1969,119,65,32,-6,24,47,272,50,3,86,Canada
277,Fake News - Ao Vivo,Gustavo Mioto,sertanejo,2019,31/12/1969,114,64,80,-3,97,73,175,47,5,70,Brazil
278,Falling,Trevor Daniel,alternative r&b,2018,31/12/1969,127,43,78,-9,9,24,159,12,4,97,World
279,Falling,Trevor Daniel,alternative r&b,2018,31/12/1969,127,43,78,-9,9,24,159,12,4,97,Australia
280,Falling,Trevor Daniel,alternative r&b,2018,31/12/1969,127,43,78,-9,9,24,159,12,4,97,Germany
281,Falling,Trevor Daniel,alternative r&b,2018,31/12/1969,127,43,78,-9,9,24,159,12,4,97,United States
282,Falling,Trevor Daniel,alternative r&b,2018,31/12/1969,127,43,78,-9,9,24,159,12,4,97,India
283,Falling,Trevor Daniel,alternative r&b,2018,31/12/1969,127,43,78,-9,9,24,159,12,4,97,Indonesia
284,Falling,Trevor Daniel,alternative r&b,2018,31/12/1969,127,43,78,-9,9,24,159,12,4,97,Israel
285,Falling,Trevor Daniel,alternative r&b,2018,31/12/1969,127,43,78,-9,9,24,159,12,4,97,Italy
286,Falling,Trevor Daniel,alternative r&b,2018,31/12/1969,127,43,78,-9,9,24,159,12,4,97,Malasya
287,Falling,Harry Styles,dance pop,2019,31/12/1969,110,27,57,-7,9,6,240,84,3,88,Malasya
288,Fantasía,Ozuna,latin,2019,31/12/1969,180,72,70,-6,9,78,175,23,9,84,Chile
289,Fantasía,Ozuna,latin,2019,31/12/1969,180,72,70,-6,9,78,175,23,9,84,Spain
290,Fantasias,Rauw Alejandro,latin,2019,31/12/1969,94,70,88,-4,6,79,200,14,7,93,Argentina
291,Fantasias,Rauw Alejandro,latin,2019,31/12/1969,94,70,88,-4,6,79,200,14,7,93,Bolivia
292,Fantasias,Rauw Alejandro,latin,2019,31/12/1969,94,70,88,-4,6,79,200,14,7,93,Colombia
293,Fantasias,Rauw Alejandro,latin,2019,31/12/1969,94,70,88,-4,6,79,200,14,7,93,Chile
294,Fantasias,Rauw Alejandro,latin,2019,31/12/1969,94,70,88,-4,6,79,200,14,7,93,Spain
295,Feelings,Lauv,pop,2019,31/12/1969,103,47,69,-7,10,25,190,9,4,73,Malasya
296,Feliz Navidad,José Feliciano,latin pop,2001,31/12/1969,149,86,49,-7,35,96,182,53,4,85,World
297,Feliz Navidad,José Feliciano,latin pop,2001,31/12/1969,149,86,49,-7,35,96,182,53,4,85,Africa
298,Feliz Navidad,José Feliciano,latin pop,2001,31/12/1969,149,86,49,-7,35,96,182,53,4,85,Belgium
299,Feliz Navidad,José Feliciano,latin pop,2001,31/12/1969,149,86,49,-7,35,96,182,53,4,85,Bolivia
300,Feliz Navidad,José Feliciano,latin pop,2001,31/12/1969,149,86,49,-7,35,96,182,53,4,85,Canada
301,Feliz Navidad,José Feliciano,latin pop,2001,31/12/1969,149,86,49,-7,35,96,182,53,4,85,Germany
302,Feliz Navidad,José Feliciano,latin pop,2001,31/12/1969,149,86,49,-7,35,96,182,53,4,85,Chile
303,Feliz Navidad,José Feliciano,latin pop,2001,31/12/1969,149,86,49,-7,35,96,182,53,4,85,Spain
304,Feliz Navidad,José Feliciano,latin pop,2001,31/12/1969,149,86,49,-7,35,96,182,53,4,85,United States
305,Feliz Navidad,José Feliciano,latin pop,2001,31/12/1969,149,86,49,-7,35,96,182,53,4,85,Italy
306,Ferida Curada,Zé Neto & Cristiano,sertanejo universitario,2019,31/12/1969,146,85,49,-3,21,55,159,49,10,83,Brazil
307,Filhall,B Praak,desi pop,2019,31/12/1969,80,66,53,-4,13,59,255,61,6,74,India
308,Fingindo Maturidade - Ao Vivo,Mano Walter,forro,2019,31/12/1969,166,92,58,-3,94,74,189,29,10,77,Brazil
309,Fire,DJ Big Sky,NA,2019,31/12/1969,114,56,65,-7,5,64,463,2,21,47,Africa
310,Fresa,TINI,latin pop,2019,31/12/1969,96,87,78,-3,10,86,166,22,9,83,Argentina
311,fuck 3x,tha Supreme,trap italiana,2019,31/12/1969,180,81,66,-5,11,69,161,7,8,82,Italy
312,Fuera De Mi Mente,Lérica,spanish pop,2019,31/12/1969,94,94,74,-2,5,70,181,17,10,73,Spain
313,Futsal Shuffle 2020,Lil Uzi Vert,melodic rap,2019,31/12/1969,137,46,88,-8,23,30,199,3,16,90,United States
314,Gaiola É o Troco,MC Du Black,funk carioca,2019,31/12/1969,150,84,72,-3,11,85,187,42,8,84,Brazil
315,GANG (feat. Geolier),Samurai Jay,italian hip hop,2019,31/12/1969,95,46,80,-11,21,58,162,4,24,75,Italy
316,Gasolina (feat. Gambi),Hamza,belgian hip hop,2019,31/12/1969,130,61,95,-8,12,72,179,28,19,52,France
317,"Ghungroo (From ""War"")",Arijit Singh,desi pop,2019,31/12/1969,118,73,70,-6,53,86,303,7,3,75,India
318,Gigolò (feat. Sfera Ebbasta & Capo Plaza),Lazza,italian hip hop,2019,31/12/1969,98,63,80,-9,9,39,164,9,14,77,Italy
319,God Bless (feat. Damso),Hamza,belgian hip hop,2019,31/12/1969,83,57,86,-10,6,23,162,1,12,57,France
320,Golpe Con Golpe,Pastor Lopez,cumbia,2012,31/12/1969,102,62,75,-7,6,97,214,60,6,53,Colombia
321,Goodbyes (feat. Young Thug),Post Malone,dfw rap,2019,31/12/1969,150,65,55,-4,10,16,175,46,8,92,Malasya
322,Goteo,Duki,argentine hip hop,2019,31/12/1969,108,78,47,-4,19,44,164,19,4,73,Argentina
323,Goteo,Duki,argentine hip hop,2019,31/12/1969,108,78,47,-4,19,44,164,19,4,73,Spain
324,Gurenge,LiSA,anime rock,2019,31/12/1969,135,98,55,-3,8,31,239,0,15,73,Japan
325,Haa Tepok,MeerFly,malaysian hip hop,2019,31/12/1969,87,50,85,-12,15,68,211,66,31,65,Malasya
326,Hakujitsu,King Gnu,j-pop,2019,31/12/1969,93,90,61,-3,29,75,275,67,11,56,Japan
327,Hallelujah,Pentatonix,a cappella,2016,31/12/1969,119,38,32,-7,34,37,269,45,4,82,Germany
328,Halu,Feby Putri,NA,2019,31/12/1969,116,25,34,-15,11,10,266,87,4,79,Indonesia
329,HANABI,Mr.Children,j-pop,2008,31/12/1969,112,77,64,-6,12,60,343,16,3,68,Japan
330,Hanya Rindu,Andmesh,indonesian pop,2019,31/12/1969,179,16,28,-12,11,20,252,89,3,65,Indonesia
331,Hanya Rindu,Andmesh,indonesian pop,2019,31/12/1969,179,16,28,-12,11,20,252,89,3,65,Malasya
332,Happy Xmas (War Is Over),Céline Dion,canadian pop,1998,31/12/1969,172,60,34,-5,28,16,255,45,3,82,Italy
333,Happy Xmas (War Is Over) - Remastered,John Lennon,album rock,2010,31/12/1969,147,61,33,-11,77,40,214,32,3,92,World
334,Happy Xmas (War Is Over) - Remastered,John Lennon,album rock,2010,31/12/1969,147,61,33,-11,77,40,214,32,3,92,Africa
335,Happy Xmas (War Is Over) - Remastered,John Lennon,album rock,2010,31/12/1969,147,61,33,-11,77,40,214,32,3,92,Australia
336,Happy Xmas (War Is Over) - Remastered,John Lennon,album rock,2010,31/12/1969,147,61,33,-11,77,40,214,32,3,92,Belgium
337,Happy Xmas (War Is Over) - Remastered,John Lennon,album rock,2010,31/12/1969,147,61,33,-11,77,40,214,32,3,92,Canada
338,Happy Xmas (War Is Over) - Remastered,John Lennon,album rock,2010,31/12/1969,147,61,33,-11,77,40,214,32,3,92,Germany
339,Happy Xmas (War Is Over) - Remastered,John Lennon,album rock,2010,31/12/1969,147,61,33,-11,77,40,214,32,3,92,United States
340,Happy Xmas (War Is Over) - Remastered,John Lennon,album rock,2010,31/12/1969,147,61,33,-11,77,40,214,32,3,92,Italy
341,Happy Xmas (War Is Over) - Remastered,John Lennon,album rock,2010,31/12/1969,147,61,33,-11,77,40,214,32,3,92,Japan
342,Hasta Que Salga el Sol,Ozuna,latin,2019,31/12/1969,96,82,83,-5,13,60,188,2,7,81,Spain
343,"Hauli Hauli (From ""De De Pyaar De"")",Garry Sandhu,bhangra,2019,31/12/1969,95,98,71,-3,34,57,209,2,8,56,India
344,Have Yourself A Merry Little Christmas,Sam Smith,pop,2014,31/12/1969,75,18,44,-9,32,34,171,96,4,89,World
345,Have Yourself A Merry Little Christmas,Sam Smith,pop,2014,31/12/1969,75,18,44,-9,32,34,171,96,4,89,Africa
346,Have Yourself A Merry Little Christmas,Sam Smith,pop,2014,31/12/1969,75,18,44,-9,32,34,171,96,4,89,Australia
347,Have Yourself A Merry Little Christmas,Ella Fitzgerald,adult standards,1960,31/12/1969,112,25,61,-9,22,48,176,96,4,73,Australia
348,Have Yourself A Merry Little Christmas,Sam Smith,pop,2014,31/12/1969,75,18,44,-9,32,34,171,96,4,89,Belgium
349,Have Yourself A Merry Little Christmas,Sam Smith,pop,2014,31/12/1969,75,18,44,-9,32,34,171,96,4,89,Canada
350,Have Yourself A Merry Little Christmas,Sam Smith,pop,2014,31/12/1969,75,18,44,-9,32,34,171,96,4,89,Germany
351,Have Yourself A Merry Little Christmas,Sam Smith,pop,2014,31/12/1969,75,18,44,-9,32,34,171,96,4,89,United States
352,Have Yourself A Merry Little Christmas,Judy Garland,adult standards,1944,31/12/1969,181,18,16,-15,26,11,162,97,4,79,United States
353,Hé oh,Gambi,pop urbaine,2019,31/12/1969,105,59,83,-5,20,54,178,7,15,79,France
354,Heartless,The Weeknd,canadian contemporary r&b,2019,31/12/1969,170,75,53,-6,12,20,200,1,11,94,India
355,HIGHEST IN THE ROOM,Travis Scott,rap,2019,31/12/1969,76,43,60,-9,21,6,176,5,3,96,Israel
356,Hikoutei,King Gnu,j-pop,2019,31/12/1969,80,85,47,-3,33,49,262,4,5,50,Japan
357,Hit Contagiante,Felipe Original,brega funk,2019,31/12/1969,170,68,82,-7,9,96,137,13,12,84,Brazil
358,Hoe Het Danst,Marco Borsato,dutch cabaret,2019,31/12/1969,130,86,69,-3,19,42,253,6,5,75,Belgium
359,Hola - Remix,Dalex,latin,2019,31/12/1969,182,67,65,-6,8,34,250,47,31,89,Argentina
360,Hola - Remix,Dalex,latin,2019,31/12/1969,182,67,65,-6,8,34,250,47,31,89,Bolivia
361,Hola - Remix,Dalex,latin,2019,31/12/1969,182,67,65,-6,8,34,250,47,31,89,Colombia
362,Hola - Remix,Dalex,latin,2019,31/12/1969,182,67,65,-6,8,34,250,47,31,89,Chile
363,Hola - Remix,Dalex,latin,2019,31/12/1969,182,67,65,-6,8,34,250,47,31,89,Spain
364,Holly & Benji (feat. Capo Plaza & Shiva),AVA,italian hip hop,2019,31/12/1969,78,79,42,-6,11,50,220,1,27,74,Italy
365,Holly Jolly Christmas,Michael Bublé,adult standards,2011,31/12/1969,151,43,61,-9,9,74,122,86,4,82,World
366,Holly Jolly Christmas,Michael Bublé,adult standards,2011,31/12/1969,151,43,61,-9,9,74,122,86,4,82,Africa
367,Holly Jolly Christmas,Michael Bublé,adult standards,2011,31/12/1969,151,43,61,-9,9,74,122,86,4,82,Australia
368,Holly Jolly Christmas,Michael Bublé,adult standards,2011,31/12/1969,151,43,61,-9,9,74,122,86,4,82,Belgium
369,Holly Jolly Christmas,Michael Bublé,adult standards,2011,31/12/1969,151,43,61,-9,9,74,122,86,4,82,Canada
370,Holly Jolly Christmas,Michael Bublé,adult standards,2011,31/12/1969,151,43,61,-9,9,74,122,86,4,82,Chile
371,Holly Jolly Christmas,Michael Bublé,adult standards,2011,31/12/1969,151,43,61,-9,9,74,122,86,4,82,United States
372,Holly Jolly Christmas,Michael Bublé,adult standards,2011,31/12/1969,151,43,61,-9,9,74,122,86,4,82,France
373,Holly Jolly Christmas,Michael Bublé,adult standards,2011,31/12/1969,151,43,61,-9,9,74,122,86,4,82,Italy
374,Holly Jolly Christmas,Michael Bublé,adult standards,2011,31/12/1969,151,43,61,-9,9,74,122,86,4,82,Malasya
375,hot girl bummer,blackbear,pop,2019,31/12/1969,130,56,78,-7,40,68,185,13,8,96,India
376,hot girl bummer,blackbear,pop,2019,31/12/1969,130,56,78,-7,40,68,185,13,8,96,Malasya
377,How Do You Sleep?,Sam Smith,pop,2019,31/12/1969,111,68,48,-5,8,35,202,15,9,93,Malasya
378,How to Make Gravy,Paul Kelly,australian alternative rock,2019,31/12/1969,95,72,40,-7,25,39,269,6,4,45,Australia
379,I Don't Care (with Justin Bieber),Ed Sheeran,pop,2019,31/12/1969,102,68,80,-5,9,84,220,9,4,85,Indonesia
380,I Don't Care (with Justin Bieber),Ed Sheeran,pop,2019,31/12/1969,102,68,80,-5,9,84,220,9,4,85,Israel
381,I Love You 3000,Stephanie Poetri,indonesian pop,2019,31/12/1969,90,38,65,-8,39,41,210,91,4,79,Indonesia
382,I Love You 3000,Stephanie Poetri,indonesian pop,2019,31/12/1969,90,38,65,-8,39,41,210,91,4,79,Malasya
383,I Love You but I'm Letting Go,Pamungkas,indonesian indie,2018,31/12/1969,80,32,39,-9,11,13,220,97,3,71,Indonesia
384,I Saw Mommy Kissing Santa Claus,The Jackson 5,adult standards,1970,31/12/1969,129,71,58,-8,82,61,181,26,5,84,World
385,I Saw Mommy Kissing Santa Claus,The Jackson 5,adult standards,1970,31/12/1969,129,71,58,-8,82,61,181,26,5,84,Belgium
386,I Saw Mommy Kissing Santa Claus,The Jackson 5,adult standards,1970,31/12/1969,129,71,58,-8,82,61,181,26,5,84,Canada
387,I Saw Mommy Kissing Santa Claus,The Jackson 5,adult standards,1970,31/12/1969,129,71,58,-8,82,61,181,26,5,84,United States
388,I.F.L.Y.,Bazzi,pop,2019,31/12/1969,105,52,81,-5,13,55,166,38,4,87,Malasya
389,Ik Tera,Maninder Buttar,desi pop,2019,31/12/1969,93,71,83,-5,11,49,161,10,7,68,India
390,I'll Be Home for Christmas,Michael Bublé,adult standards,2011,31/12/1969,82,11,25,-14,16,15,268,94,3,78,Africa
391,I'll Be Home for Christmas,Michael Bublé,adult standards,2011,31/12/1969,82,11,25,-14,16,15,268,94,3,78,Canada
392,Imaginaste - Remix,Jhay Cortez,latin,2019,31/12/1969,90,71,85,-5,34,60,247,4,9,79,Chile
393,In der Weihnachtsbäckerei,Rolf Zuckowski,german pop,1987,31/12/1969,146,45,82,-9,20,92,173,49,4,72,Germany
394,Indeciso,Reik,latin,2019,31/12/1969,95,75,74,-5,11,90,217,18,5,90,Argentina
395,Indeciso,Reik,latin,2019,31/12/1969,95,75,74,-5,11,90,217,18,5,90,Bolivia
396,Indeciso,Reik,latin,2019,31/12/1969,95,75,74,-5,11,90,217,18,5,90,Colombia
397,Indeciso,Reik,latin,2019,31/12/1969,95,75,74,-5,11,90,217,18,5,90,Spain
398,Infeliz,Arcangel,latin,2019,31/12/1969,176,80,71,-3,25,72,221,37,22,74,Chile
399,Into the Unknown,Idina Menzel,hollywood,2019,31/12/1969,145,41,32,-9,14,27,195,85,4,88,Malasya
400,Invocada (Participação especial de Léo Santana) - Ao vivo,Ludmilla,baile pop,2019,31/12/1969,135,86,78,-4,93,70,157,48,5,82,Brazil
401,It's Beginning to Look a Lot like Christmas,Michael Bublé,adult standards,2011,31/12/1969,93,22,33,-11,34,36,207,88,3,84,World
402,It's Beginning to Look a Lot like Christmas,Michael Bublé,adult standards,2011,31/12/1969,93,22,33,-11,34,36,207,88,3,84,Africa
403,It's Beginning to Look a Lot like Christmas,Michael Bublé,adult standards,2011,31/12/1969,93,22,33,-11,34,36,207,88,3,84,Australia
404,It's Beginning to Look a Lot like Christmas,Michael Bublé,adult standards,2011,31/12/1969,93,22,33,-11,34,36,207,88,3,84,Belgium
405,It's Beginning to Look a Lot like Christmas,Michael Bublé,adult standards,2011,31/12/1969,93,22,33,-11,34,36,207,88,3,84,Canada
406,It's Beginning to Look a Lot like Christmas,Michael Bublé,adult standards,2011,31/12/1969,93,22,33,-11,34,36,207,88,3,84,Germany
407,It's Beginning to Look a Lot like Christmas,Michael Bublé,adult standards,2011,31/12/1969,93,22,33,-11,34,36,207,88,3,84,Chile
408,It's Beginning to Look a Lot like Christmas,Michael Bublé,adult standards,2011,31/12/1969,93,22,33,-11,34,36,207,88,3,84,Spain
409,It's Beginning to Look a Lot like Christmas,Michael Bublé,adult standards,2011,31/12/1969,93,22,33,-11,34,36,207,88,3,84,United States
410,It's Beginning to Look a Lot like Christmas,Michael Bublé,adult standards,2011,31/12/1969,93,22,33,-11,34,36,207,88,3,84,Italy
411,It's Beginning to Look a Lot like Christmas,Michael Bublé,adult standards,2011,31/12/1969,93,22,33,-11,34,36,207,88,3,84,Malasya
412,It's Beginning to Look a Lot Like Christmas (with Mitchell Ayres & His Orchestra),Perry Como,adult standards,1999,31/12/1969,113,28,73,-12,12,72,156,76,6,88,World
413,It's Beginning to Look a Lot Like Christmas (with Mitchell Ayres & His Orchestra),Perry Como,adult standards,1999,31/12/1969,113,28,73,-12,12,72,156,76,6,88,Africa
414,It's Beginning to Look a Lot Like Christmas (with Mitchell Ayres & His Orchestra),Perry Como,adult standards,1999,31/12/1969,113,28,73,-12,12,72,156,76,6,88,Belgium
415,It's Beginning to Look a Lot Like Christmas (with Mitchell Ayres & His Orchestra),Perry Como,adult standards,1999,31/12/1969,113,28,73,-12,12,72,156,76,6,88,Canada
416,It's Beginning to Look a Lot Like Christmas (with Mitchell Ayres & His Orchestra),Perry Como,adult standards,1999,31/12/1969,113,28,73,-12,12,72,156,76,6,88,United States
417,It's the Most Wonderful Time of the Year,Andy Williams,adult standards,1963,31/12/1969,202,60,24,-8,12,78,152,77,4,92,World
418,It's the Most Wonderful Time of the Year,Andy Williams,adult standards,1963,31/12/1969,202,60,24,-8,12,78,152,77,4,92,Africa
419,It's the Most Wonderful Time of the Year,Andy Williams,adult standards,1963,31/12/1969,202,60,24,-8,12,78,152,77,4,92,Australia
420,It's the Most Wonderful Time of the Year,Andy Williams,adult standards,1963,31/12/1969,202,60,24,-8,12,78,152,77,4,92,Belgium
421,It's the Most Wonderful Time of the Year,Andy Williams,adult standards,1963,31/12/1969,202,60,24,-8,12,78,152,77,4,92,Canada
422,It's the Most Wonderful Time of the Year,Andy Williams,adult standards,1963,31/12/1969,202,60,24,-8,12,78,152,77,4,92,Germany
423,It's the Most Wonderful Time of the Year,Andy Williams,adult standards,1963,31/12/1969,202,60,24,-8,12,78,152,77,4,92,United States
424,It's the Most Wonderful Time of the Year,Andy Williams,adult standards,1963,31/12/1969,202,60,24,-8,12,78,152,77,4,92,Italy
425,It's the Most Wonderful Time of the Year,Andy Williams,adult standards,1963,31/12/1969,202,60,24,-8,12,78,152,77,4,92,Malasya
426,It's You,Ali Gatie,canadian hip hop,2019,31/12/1969,96,46,73,-7,19,40,213,37,3,90,Indonesia
427,It's You,Ali Gatie,canadian hip hop,2019,31/12/1969,96,46,73,-7,19,40,213,37,3,90,Malasya
428,"Jai Jai Shivshankar (From ""War"")",Vishal Dadlani,desi pop,2019,31/12/1969,129,90,83,-5,7,53,231,26,8,68,India
429,Jamais,Mister V,french hip hop,2019,31/12/1969,150,67,64,-7,11,79,192,43,9,75,France
430,Jerusalem,Master KG,kwaito house,2019,31/12/1969,124,47,88,-7,6,84,343,2,5,51,Africa
431,Jingle Bell Rock,Bobby Helms,adult standards,1992,31/12/1969,120,42,75,-8,7,81,131,64,4,92,World
432,Jingle Bell Rock,Bobby Helms,adult standards,1992,31/12/1969,120,42,75,-8,7,81,131,64,4,92,Africa
433,Jingle Bell Rock,Bobby Helms,adult standards,1992,31/12/1969,120,42,75,-8,7,81,131,64,4,92,Australia
434,Jingle Bell Rock,Bobby Helms,adult standards,1992,31/12/1969,120,42,75,-8,7,81,131,64,4,92,Belgium
435,Jingle Bell Rock,Bobby Helms,adult standards,1992,31/12/1969,120,42,75,-8,7,81,131,64,4,92,Bolivia
436,Jingle Bell Rock,Bobby Helms,adult standards,1992,31/12/1969,120,42,75,-8,7,81,131,64,4,92,Canada
437,Jingle Bell Rock,Bobby Helms,adult standards,1992,31/12/1969,120,42,75,-8,7,81,131,64,4,92,Germany
438,Jingle Bell Rock,Bobby Helms,adult standards,1992,31/12/1969,120,42,75,-8,7,81,131,64,4,92,Chile
439,Jingle Bell Rock,Bobby Helms,adult standards,1992,31/12/1969,120,42,75,-8,7,81,131,64,4,92,United States
440,Jingle Bell Rock,Bobby Helms,adult standards,1992,31/12/1969,120,42,75,-8,7,81,131,64,4,92,Italy
441,Jingle Bell Rock,Bobby Helms,adult standards,1992,31/12/1969,120,42,75,-8,7,81,131,64,4,92,Malasya
442,Jingle Bell Rock - Daryl's Version,Daryl Hall & John Oates,album rock,1983,31/12/1969,129,84,67,-4,11,84,126,61,3,88,World
443,Jingle Bell Rock - Daryl's Version,Daryl Hall & John Oates,album rock,1983,31/12/1969,129,84,67,-4,11,84,126,61,3,88,Africa
444,Jingle Bell Rock - Daryl's Version,Daryl Hall & John Oates,album rock,1983,31/12/1969,129,84,67,-4,11,84,126,61,3,88,Australia
445,Jingle Bell Rock - Daryl's Version,Daryl Hall & John Oates,album rock,1983,31/12/1969,129,84,67,-4,11,84,126,61,3,88,Belgium
446,Jingle Bell Rock - Daryl's Version,Daryl Hall & John Oates,album rock,1983,31/12/1969,129,84,67,-4,11,84,126,61,3,88,Canada
447,Jingle Bell Rock - Daryl's Version,Daryl Hall & John Oates,album rock,1983,31/12/1969,129,84,67,-4,11,84,126,61,3,88,Germany
448,Jingle Bells (feat. The Puppini Sisters),Michael Bublé,adult standards,2011,31/12/1969,123,58,71,-6,14,83,162,70,6,75,Australia
449,Jingle Bells (feat. The Puppini Sisters),Michael Bublé,adult standards,2011,31/12/1969,123,58,71,-6,14,83,162,70,6,75,Canada
450,Joy To The World,Nat King Cole,adult standards,1962,31/12/1969,102,34,55,-10,11,66,85,82,3,84,Canada
451,Joy To The World,Nat King Cole,adult standards,1962,31/12/1969,102,34,55,-10,11,66,85,82,3,84,United States
452,"Kaise Hua (From ""Kabir Singh"")",Vishal Mishra,desi pop,2019,31/12/1969,138,46,39,-7,11,15,235,45,4,62,India
453,Kalank (Title Track),Arijit Singh,desi pop,2019,31/12/1969,118,55,57,-8,9,44,311,52,4,68,India
454,KARMA,Nimo,german hip hop,2019,31/12/1969,160,64,69,-6,33,53,255,14,8,59,Germany
455,Kartonyono Medot Janji,Denny Caknan,NA,2019,31/12/1969,130,78,73,-6,21,75,262,31,3,71,Indonesia
456,KEIN SCHLAF,Nimo,german hip hop,2019,31/12/1969,174,70,61,-6,12,43,200,31,17,61,Germany
457,Keine Liebe,RIN,german cloud rap,2019,31/12/1969,104,80,80,-5,31,57,198,13,4,72,Germany
458,Kenangan Manis,Pamungkas,indonesian indie,2018,31/12/1969,140,68,60,-7,9,72,208,5,3,69,Indonesia
459,Kumau Dia,Andmesh,indonesian pop,2019,31/12/1969,158,51,47,-9,32,60,256,16,3,73,Indonesia
460,La Burrita,Los Corraleros De Majagual,cumbia,2012,31/12/1969,127,63,86,-5,8,95,157,46,10,51,Colombia
461,La Cama,Lunay,latin,2019,31/12/1969,174,90,70,-3,18,82,189,20,6,74,Chile
462,La Cama,Lunay,latin,2019,31/12/1969,174,90,70,-3,18,82,189,20,6,74,Spain
463,LA CANCIÓN,J Balvin,latin,2019,31/12/1969,176,65,75,-6,11,43,243,15,32,93,Argentina
464,LA CANCIÓN,J Balvin,latin,2019,31/12/1969,176,65,75,-6,11,43,243,15,32,93,Bolivia
465,LA CANCIÓN,J Balvin,latin,2019,31/12/1969,176,65,75,-6,11,43,243,15,32,93,Colombia
466,LA CANCIÓN,J Balvin,latin,2019,31/12/1969,176,65,75,-6,11,43,243,15,32,93,Chile
467,La Cola,Los Palmeras,argentine rock,2016,31/12/1969,93,79,78,-5,12,87,169,36,6,63,Argentina
468,La Difícil,Camilo,colombian pop,2019,31/12/1969,65,36,68,-7,16,55,159,67,11,71,Bolivia
469,La Noche,Joe Arroyo,cumbia,1999,31/12/1969,106,68,73,-5,6,83,264,25,4,55,Colombia
470,La Rubia - Remix 2,La Nueva Escuela,dembow,2019,31/12/1969,110,72,76,-4,38,75,211,32,13,77,Spain
471,La vie qu'on mène,Ninho,french hip hop,2019,31/12/1969,113,76,80,-4,11,46,193,69,4,76,France
473,Labantwana Ama Uber,Semi Tee,amapiano,2019,31/12/1969,112,62,87,-10,5,53,384,4,8,52,Africa
474,Lalala,Y2K,pop rap,2019,31/12/1969,130,39,84,-8,14,50,161,18,8,93,Israel
475,"Lamborghini (From ""Jai Mummy Di"")",Meet Bros.,desi pop,2019,31/12/1969,NA,NA,NA,NA,NA,NA,247,NA,NA,48,India
476,Las Caleñas,Pastor Lopez Y Su Combo,cumbia,2010,31/12/1969,204,74,55,-7,8,94,212,34,10,48,Colombia
477,Las Cuatro Fiestas,Diomedes Diaz,cumbia,2006,31/12/1969,131,92,51,-5,15,97,275,16,26,54,Colombia
478,Last Christmas,Wham!,new wave pop,1984,31/12/1969,108,48,74,-12,36,95,263,19,3,85,World
479,Last Christmas,Wham!,new wave pop,1984,31/12/1969,108,48,74,-12,36,95,263,19,3,85,Africa
480,Last Christmas,Wham!,new wave pop,1984,31/12/1969,108,48,74,-12,36,95,263,19,3,85,Australia
481,Last Christmas,Wham!,new wave pop,1984,31/12/1969,108,48,74,-12,36,95,263,19,3,85,Belgium
482,Last Christmas,Wham!,new wave pop,1984,31/12/1969,108,48,74,-12,36,95,263,19,3,85,Bolivia
483,Last Christmas,Wham!,new wave pop,1984,31/12/1969,108,48,74,-12,36,95,263,19,3,85,Canada
484,Last Christmas,Wham!,new wave pop,1984,31/12/1969,108,48,74,-12,36,95,263,19,3,85,Germany
485,Last Christmas,Wham!,new wave pop,1984,31/12/1969,108,48,74,-12,36,95,263,19,3,85,Spain
486,Last Christmas,Wham!,new wave pop,1984,31/12/1969,108,48,74,-12,36,95,263,19,3,85,United States
487,Last Christmas,Wham!,new wave pop,1984,31/12/1969,108,48,74,-12,36,95,263,19,3,85,France
488,Last Christmas,Wham!,new wave pop,1984,31/12/1969,108,48,74,-12,36,95,263,19,3,85,Italy
489,Last Christmas,Wham!,new wave pop,1984,31/12/1969,108,48,74,-12,36,95,263,19,3,85,Japan
490,Last Christmas,Wham!,new wave pop,1984,31/12/1969,108,48,74,-12,36,95,263,19,3,85,Malasya
491,Lebih Dari Egoku,Mawar De Jongh,indonesian pop,2019,31/12/1969,80,39,67,-8,10,33,249,74,3,77,Indonesia
492,Lençol Dobrado,João Gustavo e Murilo,funk carioca,2018,31/12/1969,125,66,71,-5,33,67,179,36,4,81,Brazil
493,Let It Snow! Let It Snow! Let It Snow!,Dean Martin,adult standards,1959,31/12/1969,134,24,45,-14,18,70,117,91,4,89,World
494,Let It Snow! Let It Snow! Let It Snow!,Dean Martin,adult standards,1959,31/12/1969,134,24,45,-14,18,70,117,91,4,89,Africa
495,Let It Snow! Let It Snow! Let It Snow!,Dean Martin,adult standards,1959,31/12/1969,134,24,45,-14,18,70,117,91,4,89,Belgium
496,Let It Snow! Let It Snow! Let It Snow!,Dean Martin,adult standards,1959,31/12/1969,134,24,45,-14,18,70,117,91,4,89,Canada
497,Let It Snow! Let It Snow! Let It Snow!,Dean Martin,adult standards,1959,31/12/1969,134,24,45,-14,18,70,117,91,4,89,United States
498,Let It Snow! Let It Snow! Let It Snow!,Dean Martin,adult standards,1959,31/12/1969,134,24,45,-14,18,70,117,91,4,89,France
499,Let It Snow! Let It Snow! Let It Snow! (with The B. Swanson Quartet),Frank Sinatra,adult standards,1994,31/12/1969,142,26,65,-13,36,84,155,90,6,91,World
500,Let It Snow! Let It Snow! Let It Snow! (with The B. Swanson Quartet),Frank Sinatra,adult standards,1994,31/12/1969,142,26,65,-13,36,84,155,90,6,91,Africa
501,Let It Snow! Let It Snow! Let It Snow! (with The B. Swanson Quartet),Frank Sinatra,adult standards,1994,31/12/1969,142,26,65,-13,36,84,155,90,6,91,Australia
502,Let It Snow! Let It Snow! Let It Snow! (with The B. Swanson Quartet),Frank Sinatra,adult standards,1994,31/12/1969,142,26,65,-13,36,84,155,90,6,91,Belgium
503,Let It Snow! Let It Snow! Let It Snow! (with The B. Swanson Quartet),Frank Sinatra,adult standards,1994,31/12/1969,142,26,65,-13,36,84,155,90,6,91,Canada
504,Let It Snow! Let It Snow! Let It Snow! (with The B. Swanson Quartet),Frank Sinatra,adult standards,1994,31/12/1969,142,26,65,-13,36,84,155,90,6,91,United States
505,Let It Snow! Let It Snow! Let It Snow! (with The B. Swanson Quartet),Frank Sinatra,adult standards,1994,31/12/1969,142,26,65,-13,36,84,155,90,6,91,Italy
506,Liberdade Provisória,Henrique & Juliano,sertanejo universitario,2019,31/12/1969,108,68,67,-6,92,70,188,63,5,84,Brazil
507,Like It's Christmas,Jonas Brothers,boy band,2019,31/12/1969,146,57,73,-6,5,61,201,2,10,87,Canada
508,Like It's Christmas,Jonas Brothers,boy band,2019,31/12/1969,146,57,73,-6,5,61,201,2,10,87,United States
509,Little Saint Nick - 1991 Remix,The Beach Boys,baroque pop,1964,31/12/1969,131,55,60,-9,5,97,119,11,3,83,Australia
510,Little Saint Nick - 1991 Remix,The Beach Boys,baroque pop,1964,31/12/1969,131,55,60,-9,5,97,119,11,3,83,United States
511,Location Unknown <U+25D0> - Brooklyn Session,HONNE,uk pop,2019,31/12/1969,92,29,51,-7,8,40,328,94,4,80,Indonesia
512,Loco,Beéle,NA,2019,31/12/1969,105,56,82,-6,5,77,204,16,17,82,Bolivia
513,Loco,Beéle,NA,2019,31/12/1969,105,56,82,-6,5,77,204,16,17,82,Colombia
514,Loin de moi,Naza,francoton,2019,31/12/1969,97,46,89,-8,6,50,144,64,24,77,France
515,Loquito por Ti,Armando Hernandez,chicha,2012,31/12/1969,107,76,79,-4,5,86,287,41,12,54,Colombia
516,Lorch,Kabza De Small,afro house,2019,31/12/1969,113,68,91,-10,7,41,375,17,6,50,Africa
517,Los sabanales,Calixto Ochoa,cumbia,1971,31/12/1969,124,70,80,-6,3,78,162,10,4,58,Colombia
518,Lose You To Love Me,Selena Gomez,dance pop,2019,31/12/1969,102,34,51,-9,21,9,206,58,4,97,Indonesia
519,Lose You To Love Me,Selena Gomez,dance pop,2019,31/12/1969,102,34,51,-9,21,9,206,58,4,97,Malasya
520,"Love You Tonight (feat. DJ Maphorisa, Sha Sha & Kabza De Small)",Mfr Souls,afro house,2019,31/12/1969,115,68,82,-8,6,68,353,5,5,37,Africa
521,Lover (Remix) [feat. Shawn Mendes],Taylor Swift,pop,2019,31/12/1969,205,60,45,-7,9,42,221,43,6,88,Malasya
522,lowkey,NIKI,indie r&b,2019,31/12/1969,118,49,75,-8,9,23,171,43,6,78,Indonesia
523,Lucid Dreams,Juice WRLD,chicago rap,2018,31/12/1969,84,57,51,-7,34,22,240,35,20,94,Indonesia
524,Lucid Dreams,Juice WRLD,chicago rap,2018,31/12/1969,84,57,51,-7,34,22,240,35,20,94,Israel
525,Lucid Dreams,Juice WRLD,chicago rap,2018,31/12/1969,84,57,51,-7,34,22,240,35,20,94,Malasya
526,m12ano - feat. Mara Sattei,tha Supreme,trap italiana,2019,31/12/1969,65,51,58,-6,8,48,188,4,4,78,Italy
527,m8nstar,tha Supreme,trap italiana,2019,31/12/1969,165,76,58,-6,11,44,165,5,4,73,Italy
528,Ma belle,Moha La Squale,french hip hop,2019,31/12/1969,82,66,74,-6,9,47,158,76,6,76,France
529,Ma vie,Dadju,francoton,2019,31/12/1969,201,50,51,-8,16,32,209,12,8,68,France
530,Machigaisagashi,Masaki Suda,anime rock,2019,31/12/1969,156,64,53,-6,39,44,224,52,4,53,Japan
531,Makhna,Tanishk Bagchi,desi pop,2019,31/12/1969,125,70,70,-8,16,43,183,17,4,73,India
532,Maman ne le sait pas (feat. Niska),Ninho,french hip hop,2019,31/12/1969,145,88,76,-6,12,39,203,40,19,75,France
533,Mami,Paloma Mami,latin pop,2019,31/12/1969,95,72,80,-6,17,51,195,15,5,73,Chile
534,Marie,Koba LaD,french hip hop,2019,31/12/1969,132,75,78,-6,12,68,195,12,4,74,France
535,Mary's Boy Child / Oh My Lord,Boney M.,disco,2017,31/12/1969,113,72,78,-9,20,93,241,28,4,75,Australia
536,Mayday (feat. Ninho),SCH,french hip hop,2019,31/12/1969,152,60,61,-8,9,25,210,61,36,77,France
537,Me Vas a Extrañar - En Vivo,Damas Gratis,cumbia villera,2018,31/12/1969,88,81,42,-5,70,64,239,32,4,71,Argentina
538,Mean It,Lauv,pop,2019,31/12/1969,96,45,75,-9,17,34,233,4,9,89,Indonesia
539,Mean It,Lauv,pop,2019,31/12/1969,96,45,75,-9,17,34,233,4,9,89,Malasya
540,Méchant,Niska,french hip hop,2019,31/12/1969,98,80,53,-4,37,41,191,33,34,74,France
541,Mele Kalikimaka (Merry Christmas),Bing Crosby,adult standards,1945,31/12/1969,202,22,50,-12,28,62,175,65,9,82,United States
542,Memories,Maroon 5,pop,2019,31/12/1969,91,32,76,-7,8,57,189,84,5,99,World
543,Memories,Maroon 5,pop,2019,31/12/1969,91,32,76,-7,8,57,189,84,5,99,Africa
544,Memories,Maroon 5,pop,2019,31/12/1969,91,32,76,-7,8,57,189,84,5,99,Australia
545,Memories,Maroon 5,pop,2019,31/12/1969,91,32,76,-7,8,57,189,84,5,99,Belgium
546,Memories,Maroon 5,pop,2019,31/12/1969,91,32,76,-7,8,57,189,84,5,99,France
547,Memories,Maroon 5,pop,2019,31/12/1969,91,32,76,-7,8,57,189,84,5,99,India
548,Memories,Maroon 5,pop,2019,31/12/1969,91,32,76,-7,8,57,189,84,5,99,Indonesia
549,Memories,Maroon 5,pop,2019,31/12/1969,91,32,76,-7,8,57,189,84,5,99,Israel
550,Memories,Maroon 5,pop,2019,31/12/1969,91,32,76,-7,8,57,189,84,5,99,Italy
551,Memories,Maroon 5,pop,2019,31/12/1969,91,32,76,-7,8,57,189,84,5,99,Malasya
552,menina solta,Giulia Be,pop nacional,2019,31/12/1969,92,56,63,-7,16,67,150,33,8,82,Brazil
553,"Mere Sohneya (From ""Kabir Singh"")",Sachet Tandon,desi pop,2019,31/12/1969,136,64,38,-6,22,65,193,56,4,64,India
554,Merry Christmas Everyone,Shakin' Stevens,new wave pop,1997,31/12/1969,102,71,76,-10,8,96,224,16,3,69,World
555,Merry Christmas Everyone,Shakin' Stevens,new wave pop,1997,31/12/1969,102,71,76,-10,8,96,224,16,3,69,Africa
556,Merry Christmas Everyone,Shakin' Stevens,new wave pop,1997,31/12/1969,102,71,76,-10,8,96,224,16,3,69,Australia
557,Merry Christmas Everyone,Shakin' Stevens,new wave pop,1997,31/12/1969,102,71,76,-10,8,96,224,16,3,69,Belgium
558,Merry Christmas Everyone,Shakin' Stevens,new wave pop,1997,31/12/1969,102,71,76,-10,8,96,224,16,3,69,Canada
559,Merry Christmas Everyone,Shakin' Stevens,new wave pop,1997,31/12/1969,102,71,76,-10,8,96,224,16,3,69,Germany
560,Merry Xmas Everybody,Slade,album rock,1973,31/12/1969,130,80,41,-3,18,47,223,22,4,79,Germany
561,"Mil Anos - Recorded At Mosh Studios, São Paulo",Jorge & Mateus,sertanejo,2019,31/12/1969,135,70,62,-8,8,45,189,29,7,74,Brazil
562,Mimpi (feat. Alif),K-Clique,malaysian indie,2019,31/12/1969,150,73,83,-7,10,87,253,53,29,66,Malasya
563,Mistletoe,Justin Bieber,canadian pop,2011,31/12/1969,162,56,66,-9,8,85,183,50,5,92,World
564,Mistletoe,Justin Bieber,canadian pop,2011,31/12/1969,162,56,66,-9,8,85,183,50,5,92,Africa
565,Mistletoe,Justin Bieber,canadian pop,2011,31/12/1969,162,56,66,-9,8,85,183,50,5,92,Australia
566,Mistletoe,Justin Bieber,canadian pop,2011,31/12/1969,162,56,66,-9,8,85,183,50,5,92,Belgium
567,Mistletoe,Justin Bieber,canadian pop,2011,31/12/1969,162,56,66,-9,8,85,183,50,5,92,Canada
568,Mistletoe,Justin Bieber,canadian pop,2011,31/12/1969,162,56,66,-9,8,85,183,50,5,92,Germany
569,Mistletoe,Justin Bieber,canadian pop,2011,31/12/1969,162,56,66,-9,8,85,183,50,5,92,United States
570,Mistletoe,Justin Bieber,canadian pop,2011,31/12/1969,162,56,66,-9,8,85,183,50,5,92,Italy
571,Mistletoe,Justin Bieber,canadian pop,2011,31/12/1969,162,56,66,-9,8,85,183,50,5,92,Malasya
572,Mistletoe And Holly - Remastered 1999,Frank Sinatra,adult standards,1957,31/12/1969,110,10,61,-14,8,34,136,80,4,81,Canada
573,Mistletoe And Holly - Remastered 1999,Frank Sinatra,adult standards,1957,31/12/1969,110,10,61,-14,8,34,136,80,4,81,United States
574,Mit Dir,Loredana,kosovan pop,2019,31/12/1969,196,53,75,-6,6,64,158,16,34,75,Germany
575,Mortel,Koba LaD,french hip hop,2019,31/12/1969,154,69,58,-6,10,66,204,15,46,67,France
576,Moulaga,Heuss L'enfoiré,french hip hop,2019,31/12/1969,125,70,71,-5,10,48,180,33,10,79,France
577,"Mummy Nu Pasand (From ""Jai Mummy Di"")",Sunanda Sharma,desi pop,2019,31/12/1969,94,97,78,0,35,80,185,1,11,57,India
578,"Muqabla (From ""Street Dancer 3D"")",Yash Narvekar,desi pop,2019,31/12/1969,120,91,80,-3,39,54,176,2,9,61,India
579,My Oh My (feat. DaBaby),Camila Cabello,dance pop,2019,31/12/1969,105,49,72,-6,9,38,171,2,3,91,India
580,My Oh My (feat. DaBaby),Camila Cabello,dance pop,2019,31/12/1969,105,49,72,-6,9,38,171,2,3,91,Israel
581,My Oh My (feat. DaBaby),Camila Cabello,dance pop,2019,31/12/1969,105,49,72,-6,9,38,171,2,3,91,Malasya
582,My Only Wish (This Year),Britney Spears,dance pop,2019,31/12/1969,147,73,67,-7,20,68,255,23,3,84,World
583,My Only Wish (This Year),Britney Spears,dance pop,2019,31/12/1969,147,73,67,-7,20,68,255,23,3,84,Belgium
584,My Only Wish (This Year),Britney Spears,dance pop,2019,31/12/1969,147,73,67,-7,20,68,255,23,3,84,Germany
585,"Naah Goriye (From ""Bala"")",B Praak,desi pop,2019,31/12/1969,100,77,82,-2,6,72,185,46,6,67,India
586,Nana Thula,Kabza De Small,afro house,2019,31/12/1969,114,52,77,-14,4,59,439,0,5,52,Africa
587,"Navidad, Navidad",Luis Miguel,bolero,2006,31/12/1969,173,84,52,-4,16,75,155,36,15,69,Chile
588,Ne reviens pas,Gradur,french hip hop,2019,31/12/1969,125,78,93,-3,17,93,189,21,6,78,Belgium
589,Ne reviens pas,Gradur,french hip hop,2019,31/12/1969,125,78,93,-3,17,93,189,21,6,78,France
590,Never Go Back,Dennis Lloyd,israeli pop,2019,31/12/1969,79,65,42,-5,11,73,175,1,40,76,Israel
591,Never Seen The Rain,Tones and I,australian pop,2019,31/12/1969,92,46,67,-6,28,27,201,43,4,81,Australia
592,Nevermind,Dennis Lloyd,israeli pop,2017,31/12/1969,100,69,60,-8,41,8,157,16,20,81,Israel
593,No Dijeron Nada,Oscu,trap argentino,2019,31/12/1969,115,71,70,-5,51,91,187,8,5,68,Argentina
594,No Idea,Don Toliver,rap,2019,31/12/1969,128,61,66,-5,22,35,154,56,10,90,Malasya
595,No Me Conoce - Remix,Jhay Cortez,latin,2019,31/12/1969,92,79,81,-4,9,58,309,14,7,88,Argentina
596,No Me Conoce - Remix,Jhay Cortez,latin,2019,31/12/1969,92,79,81,-4,9,58,309,14,7,88,Bolivia
597,No Me Conoce - Remix,Jhay Cortez,latin,2019,31/12/1969,92,79,81,-4,9,58,309,14,7,88,Colombia
598,No Me Conoce - Remix,Jhay Cortez,latin,2019,31/12/1969,92,79,81,-4,9,58,309,14,7,88,Chile
599,No Me Conoce - Remix,Jhay Cortez,latin,2019,31/12/1969,92,79,81,-4,9,58,309,14,7,88,Spain
600,No Te Creas Tan Importante - En Vivo,Damas Gratis,cumbia villera,2018,31/12/1969,175,76,30,-5,88,67,240,20,4,70,Argentina
601,No Te Debí Besar,C. Tangana,trap espanol,2019,31/12/1969,75,68,67,-6,18,62,183,13,32,82,Chile
602,Non Avere Paura,Tommaso Paradiso,italian arena pop,2019,31/12/1969,105,68,57,-6,11,24,247,43,4,77,Italy
603,Nunca Es Suficiente,Los Angeles Azules,grupera,2018,31/12/1969,94,50,80,-6,9,80,266,39,4,78,Bolivia
604,Nur zur Info,Ufo361,german cloud rap,2019,31/12/1969,89,37,73,-12,11,23,142,17,44,75,Germany
605,Nyaman,Andmesh,indonesian pop,2019,31/12/1969,83,31,54,-11,15,46,227,82,3,65,Indonesia
606,"O Saki Saki (From ""Batla House"")",Neha Kakkar,desi pop,2019,31/12/1969,108,96,74,0,36,57,191,16,7,60,India
607,O Tannenbaum,Vince Guaraldi Trio,adult standards,1965,31/12/1969,123,19,58,-16,13,34,309,91,4,79,United States
608,occh1 purpl3 - feat. Marracash,tha Supreme,trap italiana,2019,31/12/1969,134,81,66,-5,16,55,188,9,16,77,Italy
609,Ocho Cuarenta,Rodrigo,argentine rock,1998,31/12/1969,148,70,61,-10,30,85,355,8,3,64,Argentina
610,Ojitos Hechiceros,Rodolfo Aicardi,classic colombian pop,2012,31/12/1969,107,69,79,-7,14,62,220,11,4,52,Colombia
611,Olvídala,Los Palmeras,argentine rock,2004,31/12/1969,132,69,77,-5,27,52,290,31,5,65,Argentina
612,On My Way,Alan Walker,electro house,2019,31/12/1969,170,69,51,-5,30,30,194,2,10,84,India
613,On My Way,Alan Walker,electro house,2019,31/12/1969,170,69,51,-5,30,30,194,2,10,84,Indonesia
614,One Only,Pamungkas,indonesian indie,2018,31/12/1969,145,52,25,-6,9,11,255,22,3,74,Indonesia
615,Otro Trago,Sech,panamanian pop,2019,31/12/1969,176,70,75,-5,11,62,226,14,34,86,Bolivia
616,Otro Trago - Remix,Sech,panamanian pop,2019,31/12/1969,176,79,73,-2,6,76,288,7,20,88,Argentina
617,Otro Trago - Remix,Sech,panamanian pop,2019,31/12/1969,176,79,73,-2,6,76,288,7,20,88,Bolivia
618,Otro Trago - Remix,Sech,panamanian pop,2019,31/12/1969,176,79,73,-2,6,76,288,7,20,88,Chile
619,Otro Trago - Remix,Sech,panamanian pop,2019,31/12/1969,176,79,73,-2,6,76,288,7,20,88,Spain
620,Oui ou non,Angèle,belgian pop,2019,31/12/1969,200,57,65,-8,16,36,197,64,14,79,France
621,Oye,TINI,latin pop,2019,31/12/1969,95,51,68,-8,18,26,173,45,6,83,Argentina
622,Pa Mí - Remix,Dalex,latin,2019,31/12/1969,170,62,69,-8,16,73,361,75,22,86,Bolivia
623,Pa' Olvidarme De Ella,Piso 21,colombian pop,2019,31/12/1969,90,54,73,-5,14,64,227,26,5,87,Bolivia
624,Pa' Olvidarme De Ella,Piso 21,colombian pop,2019,31/12/1969,90,54,73,-5,14,64,227,26,5,87,Colombia
625,"Pachtaoge (From ""Jaani Ve"")",Arijit Singh,desi pop,2019,31/12/1969,170,69,52,-4,12,48,227,62,3,71,India
626,Pal Pal Dil Ke Paas- Title Track,Arijit Singh,desi pop,2019,31/12/1969,124,51,56,-7,6,39,255,59,3,69,India
627,Paprika,Foorin,kodomo no ongaku,2018,31/12/1969,101,77,75,-5,77,73,208,14,4,46,Japan
628,"Para, Pensa e Volta - Ao Vivo",Yasmin Santos,sertanejo pop,2019,31/12/1969,112,79,61,-3,24,57,174,25,4,80,Brazil
629,"Pelukku Untuk Pelikmu - OST Imperfect: Karier, Cinta, & Timbangan",Fiersa Besari,indonesian indie,2019,31/12/1969,125,83,53,-5,20,25,250,13,4,72,Indonesia
630,Percaya Aku,Chintya Gabriella,NA,2019,31/12/1969,140,49,54,-8,20,30,232,74,3,71,Indonesia
631,Perreo en La Luna,Rich Music LTD,reggaeton,2019,31/12/1969,174,76,71,-4,37,72,219,27,29,83,Argentina
632,Perreo en La Luna,Rich Music LTD,reggaeton,2019,31/12/1969,174,76,71,-4,37,72,219,27,29,83,Chile
633,Perreo en La Luna,Rich Music LTD,reggaeton,2019,31/12/1969,174,76,71,-4,37,72,219,27,29,83,Spain
634,Petit Papa Noël,Tino Rossi,chanson,1998,31/12/1969,105,31,33,-9,6,42,196,99,3,61,France
635,Piensan,Myke Towers,latin,2019,31/12/1969,172,72,68,-4,11,79,173,54,6,82,Chile
636,Pilu Membiru,Kunto Aji,indonesian indie,2018,31/12/1969,82,27,36,-11,12,5,252,89,3,75,Indonesia
637,Piropo,Noriel,latin,2019,31/12/1969,94,75,87,-6,4,77,220,12,7,78,Chile
638,Pookie (feat. Capo Plaza) - Remix,Aya Nakamura,basshall,2019,31/12/1969,98,62,84,-7,10,51,188,6,13,78,Italy
639,Popopop,Gambi,pop urbaine,2019,31/12/1969,130,65,83,-6,14,41,156,5,31,82,France
640,Prendío,Rvfv,trap espanol,2019,31/12/1969,125,54,83,-10,13,90,190,17,9,76,Spain
641,Prendio - Remix,Rvfv,trap espanol,2019,31/12/1969,125,76,75,-6,8,75,191,19,6,61,Spain
642,Pretender,Official HIGE DANdism,anime rock,2019,31/12/1969,92,87,54,-3,14,37,327,5,3,56,Japan
643,Proper Patola,Badshah,desi hip hop,2018,31/12/1969,172,82,77,-6,32,49,179,49,9,69,India
644,Psycho,Red Velvet,k-pop,2019,31/12/1969,140,67,66,-2,9,41,211,19,4,75,Indonesia
645,Psycho,Red Velvet,k-pop,2019,31/12/1969,140,67,66,-2,9,41,211,19,4,75,Malasya
646,quando a bad bater - ao vivo,Luan Santana,funk carioca,2019,31/12/1969,128,79,65,-5,53,53,180,30,4,71,Brazil
647,Quando a vontade bater (Participação especial de PK Delas),Pk,brazilian edm,2019,31/12/1969,150,70,62,-6,15,70,166,54,25,82,Brazil
648,Quarta Cadeira - Ao Vivo,Matheus & Kauan,pop nacional,2019,31/12/1969,76,82,56,-5,62,60,224,59,24,82,Brazil
649,Que Calor (feat. J Balvin & El Alfa),Major Lazer,dance pop,2019,31/12/1969,126,89,80,-4,29,46,170,4,7,85,Spain
650,Que Calor (feat. J Balvin & El Alfa),Major Lazer,dance pop,2019,31/12/1969,126,89,80,-4,29,46,170,4,7,85,France
651,Que Mas Pues - Remix,Sech,panamanian pop,2019,31/12/1969,113,66,65,-5,12,81,306,12,20,85,Bolivia
652,Qué Pena,Maluma,latin,2019,31/12/1969,126,66,64,-6,34,86,213,10,36,87,Bolivia
653,Qué Pena,Maluma,latin,2019,31/12/1969,126,66,64,-6,34,86,213,10,36,87,Colombia
654,QUE PRETENDES,J Balvin,latin,2019,31/12/1969,93,79,64,-4,36,94,222,3,25,88,Bolivia
655,QUE PRETENDES,J Balvin,latin,2019,31/12/1969,93,79,64,-4,36,94,222,3,25,88,Colombia
656,QUE PRETENDES,J Balvin,latin,2019,31/12/1969,93,79,64,-4,36,94,222,3,25,88,Chile
657,Que Tire Pa Lante,Daddy Yankee,latin,2019,31/12/1969,94,90,66,-3,12,71,211,5,4,91,Argentina
658,Que Tire Pa Lante,Daddy Yankee,latin,2019,31/12/1969,94,90,66,-3,12,71,211,5,4,91,Bolivia
659,Que Tire Pa Lante,Daddy Yankee,latin,2019,31/12/1969,94,90,66,-3,12,71,211,5,4,91,Colombia
660,Que Tire Pa Lante,Daddy Yankee,latin,2019,31/12/1969,94,90,66,-3,12,71,211,5,4,91,Chile
661,Quem Traiu Levou - Ao Vivo,Gusttavo Lima,sertanejo universitario,2019,31/12/1969,174,96,59,-2,32,83,154,32,8,66,Brazil
662,Quizas,Rich Music LTD,reggaeton,2019,31/12/1969,176,82,73,-2,23,68,216,3,15,90,Argentina
663,Quizas,Rich Music LTD,reggaeton,2019,31/12/1969,176,82,73,-2,23,68,216,3,15,90,Bolivia
664,Quizas,Rich Music LTD,reggaeton,2019,31/12/1969,176,82,73,-2,23,68,216,3,15,90,Colombia
665,Quizas,Rich Music LTD,reggaeton,2019,31/12/1969,176,82,73,-2,23,68,216,3,15,90,Chile
666,Quizas,Rich Music LTD,reggaeton,2019,31/12/1969,176,82,73,-2,23,68,216,3,15,90,Spain
667,Relógio Parado (Ao Vivo),Diego & Arnaldo,sertanejo,2019,31/12/1969,125,94,74,-1,97,73,181,5,5,78,Brazil
668,Reste,Maître Gims,french hip hop,2019,31/12/1969,100,54,75,-7,10,69,232,48,4,54,France
669,Ride It,Regard,pop edm,2019,31/12/1969,118,75,88,-4,11,88,158,18,9,95,Australia
670,Ride It,Regard,pop edm,2019,31/12/1969,118,75,88,-4,11,88,158,18,9,95,Belgium
672,Ride It,Regard,pop edm,2019,31/12/1969,118,75,88,-4,11,88,158,18,9,95,Germany
673,Ride It,Regard,pop edm,2019,31/12/1969,118,75,88,-4,11,88,158,18,9,95,France
674,RITMO (Bad Boys For Life),The Black Eyed Peas,dance pop,2019,31/12/1969,105,72,72,-7,24,67,222,3,7,97,World
675,RITMO (Bad Boys For Life),The Black Eyed Peas,dance pop,2019,31/12/1969,105,72,72,-7,24,67,222,3,7,97,Argentina
676,RITMO (Bad Boys For Life),The Black Eyed Peas,dance pop,2019,31/12/1969,105,72,72,-7,24,67,222,3,7,97,Bolivia
677,RITMO (Bad Boys For Life),The Black Eyed Peas,dance pop,2019,31/12/1969,105,72,72,-7,24,67,222,3,7,97,Colombia
678,RITMO (Bad Boys For Life),The Black Eyed Peas,dance pop,2019,31/12/1969,105,72,72,-7,24,67,222,3,7,97,Chile
679,RITMO (Bad Boys For Life),The Black Eyed Peas,dance pop,2019,31/12/1969,105,72,72,-7,24,67,222,3,7,97,Spain
680,RITMO (Bad Boys For Life),The Black Eyed Peas,dance pop,2019,31/12/1969,105,72,72,-7,24,67,222,3,7,97,France
681,RITMO (Bad Boys For Life),The Black Eyed Peas,dance pop,2019,31/12/1969,105,72,72,-7,24,67,222,3,7,97,Italy
682,Rockin' Around The Christmas Tree,Brenda Lee,adult standards,1964,31/12/1969,67,47,59,-9,51,90,126,61,5,93,World
683,Rockin' Around The Christmas Tree,Brenda Lee,adult standards,1964,31/12/1969,67,47,59,-9,51,90,126,61,5,93,Africa
684,Rockin' Around The Christmas Tree,Brenda Lee,adult standards,1964,31/12/1969,67,47,59,-9,51,90,126,61,5,93,Australia
685,Rockin' Around the Christmas Tree,Brenda Lee,adult standards,1991,31/12/1969,141,64,68,-9,22,83,126,57,4,79,Australia
686,Rockin' Around The Christmas Tree,Brenda Lee,adult standards,1964,31/12/1969,67,47,59,-9,51,90,126,61,5,93,Belgium
687,Rockin' Around The Christmas Tree,Brenda Lee,adult standards,1964,31/12/1969,67,47,59,-9,51,90,126,61,5,93,Canada
688,Rockin' Around The Christmas Tree,Brenda Lee,adult standards,1964,31/12/1969,67,47,59,-9,51,90,126,61,5,93,United States
689,Rockin' Around The Christmas Tree,Brenda Lee,adult standards,1964,31/12/1969,67,47,59,-9,51,90,126,61,5,93,Italy
690,Rockin' Around The Christmas Tree,Brenda Lee,adult standards,1964,31/12/1969,67,47,59,-9,51,90,126,61,5,93,Malasya
691,Roller,Apache 207,german hip hop,2019,31/12/1969,128,76,94,-6,19,68,157,3,17,82,Germany
692,Roses - Imanbek Remix,SAINt JHN,melodic rap,2019,31/12/1969,122,72,77,-5,35,90,177,2,5,85,France
693,ROXANNE,Arizona Zervas,pop rap,2019,31/12/1969,117,60,62,-6,46,46,164,5,15,99,World
694,ROXANNE,Arizona Zervas,pop rap,2019,31/12/1969,117,60,62,-6,46,46,164,5,15,99,Africa
695,ROXANNE,Arizona Zervas,pop rap,2019,31/12/1969,117,60,62,-6,46,46,164,5,15,99,Australia
696,ROXANNE,Arizona Zervas,pop rap,2019,31/12/1969,117,60,62,-6,46,46,164,5,15,99,Belgium
697,ROXANNE,Arizona Zervas,pop rap,2019,31/12/1969,117,60,62,-6,46,46,164,5,15,99,Canada
698,ROXANNE,Arizona Zervas,pop rap,2019,31/12/1969,117,60,62,-6,46,46,164,5,15,99,Germany
699,ROXANNE,Arizona Zervas,pop rap,2019,31/12/1969,117,60,62,-6,46,46,164,5,15,99,Spain
700,ROXANNE,Arizona Zervas,pop rap,2019,31/12/1969,117,60,62,-6,46,46,164,5,15,99,United States
701,ROXANNE,Arizona Zervas,pop rap,2019,31/12/1969,117,60,62,-6,46,46,164,5,15,99,France
702,ROXANNE,Arizona Zervas,pop rap,2019,31/12/1969,117,60,62,-6,46,46,164,5,15,99,India
703,ROXANNE,Arizona Zervas,pop rap,2019,31/12/1969,117,60,62,-6,46,46,164,5,15,99,Indonesia
704,ROXANNE,Arizona Zervas,pop rap,2019,31/12/1969,117,60,62,-6,46,46,164,5,15,99,Israel
705,ROXANNE,Arizona Zervas,pop rap,2019,31/12/1969,117,60,62,-6,46,46,164,5,15,99,Italy
706,ROXANNE,Arizona Zervas,pop rap,2019,31/12/1969,117,60,62,-6,46,46,164,5,15,99,Malasya
707,Rudolph The Red-Nosed Reindeer,Dean Martin,adult standards,1959,31/12/1969,136,20,48,-17,9,86,136,92,3,84,Germany
708,Rueda,Chimbala,dembow,2019,31/12/1969,130,92,89,-2,5,96,211,17,9,78,Spain
709,Run Rudolph Run - Single Version,Chuck Berry,blues rock,1986,31/12/1969,152,72,68,-11,8,96,166,81,9,87,World
710,Run Rudolph Run - Single Version,Chuck Berry,blues rock,1986,31/12/1969,152,72,68,-11,8,96,166,81,9,87,Australia
711,Run Rudolph Run - Single Version,Chuck Berry,blues rock,1986,31/12/1969,152,72,68,-11,8,96,166,81,9,87,Canada
712,Run Rudolph Run - Single Version,Chuck Berry,blues rock,1986,31/12/1969,152,72,68,-11,8,96,166,81,9,87,United States
713,S de Saudade,Luíza & Maurílio,sertanejo pop,2019,31/12/1969,124,71,71,-4,13,79,175,62,5,81,Brazil
714,Sakhiyaan,Maninder Buttar,desi pop,2018,31/12/1969,83,67,71,-6,20,36,179,30,4,69,India
715,Sandton,Kabza De Small,afro house,2019,31/12/1969,113,63,88,-12,10,59,412,15,15,45,Africa
716,Santa Baby,Ariana Grande,dance pop,2013,31/12/1969,96,78,75,-6,28,77,171,5,14,87,World
717,Santa Baby,Ariana Grande,dance pop,2013,31/12/1969,96,78,75,-6,28,77,171,5,14,87,Africa
718,Santa Baby,Ariana Grande,dance pop,2013,31/12/1969,96,78,75,-6,28,77,171,5,14,87,Belgium
719,Santa Baby,Ariana Grande,dance pop,2013,31/12/1969,96,78,75,-6,28,77,171,5,14,87,Canada
720,Santa Baby,Ariana Grande,dance pop,2013,31/12/1969,96,78,75,-6,28,77,171,5,14,87,United States
721,Santa Baby (with Henri René & His Orchestra),Eartha Kitt,adult standards,2002,31/12/1969,84,14,70,-12,19,49,206,90,6,76,United States
722,Santa Claus Is Comin' to Town,Frank Sinatra,adult standards,1994,31/12/1969,140,20,65,-12,31,69,155,83,6,78,Italy
723,"Santa Claus Is Comin' to Town - Live at C.W. Post College, Greenvale, NY - December 1975",Bruce Springsteen,heartland rock,1981,31/12/1969,140,67,36,-8,73,41,268,36,5,86,World
724,"Santa Claus Is Comin' to Town - Live at C.W. Post College, Greenvale, NY - December 1975",Bruce Springsteen,heartland rock,1981,31/12/1969,140,67,36,-8,73,41,268,36,5,86,Africa
725,"Santa Claus Is Comin' to Town - Live at C.W. Post College, Greenvale, NY - December 1975",Bruce Springsteen,heartland rock,1981,31/12/1969,140,67,36,-8,73,41,268,36,5,86,Belgium
726,"Santa Claus Is Comin' to Town - Live at C.W. Post College, Greenvale, NY - December 1975",Bruce Springsteen,heartland rock,1981,31/12/1969,140,67,36,-8,73,41,268,36,5,86,Canada
727,"Santa Claus Is Comin' to Town - Live at C.W. Post College, Greenvale, NY - December 1975",Bruce Springsteen,heartland rock,1981,31/12/1969,140,67,36,-8,73,41,268,36,5,86,Italy
728,Santa Claus Is Coming To Town,The Jackson 5,adult standards,1970,31/12/1969,147,76,69,-5,18,96,144,42,3,85,World
729,Santa Claus Is Coming to Town,Michael Bublé,adult standards,2011,31/12/1969,123,40,59,-7,4,42,172,79,5,75,World
730,Santa Claus Is Coming To Town,The Jackson 5,adult standards,1970,31/12/1969,147,76,69,-5,18,96,144,42,3,85,Africa
731,Santa Claus Is Coming to Town,Michael Bublé,adult standards,2011,31/12/1969,123,40,59,-7,4,42,172,79,5,75,Africa
732,Santa Claus Is Coming To Town,The Jackson 5,adult standards,1970,31/12/1969,147,76,69,-5,18,96,144,42,3,85,Australia
733,Santa Claus Is Coming to Town,Michael Bublé,adult standards,2011,31/12/1969,123,40,59,-7,4,42,172,79,5,75,Australia
734,Santa Claus Is Coming To Town,The Jackson 5,adult standards,1970,31/12/1969,147,76,69,-5,18,96,144,42,3,85,Belgium
735,Santa Claus Is Coming to Town,Michael Bublé,adult standards,2011,31/12/1969,123,40,59,-7,4,42,172,79,5,75,Belgium
736,Santa Claus Is Coming To Town,The Jackson 5,adult standards,1970,31/12/1969,147,76,69,-5,18,96,144,42,3,85,Canada
737,Santa Claus Is Coming to Town,Michael Bublé,adult standards,2011,31/12/1969,123,40,59,-7,4,42,172,79,5,75,Canada
738,Santa Claus Is Coming To Town,The Jackson 5,adult standards,1970,31/12/1969,147,76,69,-5,18,96,144,42,3,85,United States
739,Santa Claus Is Coming to Town,Michael Bublé,adult standards,2011,31/12/1969,123,40,59,-7,4,42,172,79,5,75,Italy
740,Santa Claus Llegó a La Ciudad,Luis Miguel,bolero,2006,31/12/1969,170,85,52,-2,33,72,116,38,19,70,Chile
741,Santa Tell Me,Ariana Grande,dance pop,2014,31/12/1969,192,62,53,-7,29,59,204,5,12,95,World
742,Santa Tell Me,Ariana Grande,dance pop,2014,31/12/1969,192,62,53,-7,29,59,204,5,12,95,Africa
743,Santa Tell Me,Ariana Grande,dance pop,2014,31/12/1969,192,62,53,-7,29,59,204,5,12,95,Australia
744,Santa Tell Me,Ariana Grande,dance pop,2014,31/12/1969,192,62,53,-7,29,59,204,5,12,95,Belgium
745,Santa Tell Me,Ariana Grande,dance pop,2014,31/12/1969,192,62,53,-7,29,59,204,5,12,95,Canada
746,Santa Tell Me,Ariana Grande,dance pop,2014,31/12/1969,192,62,53,-7,29,59,204,5,12,95,Germany
747,Santa Tell Me,Ariana Grande,dance pop,2014,31/12/1969,192,62,53,-7,29,59,204,5,12,95,Spain
748,Santa Tell Me,Ariana Grande,dance pop,2014,31/12/1969,192,62,53,-7,29,59,204,5,12,95,United States
749,Santa Tell Me,Ariana Grande,dance pop,2014,31/12/1969,192,62,53,-7,29,59,204,5,12,95,Italy
750,Santa Tell Me,Ariana Grande,dance pop,2014,31/12/1969,192,62,53,-7,29,59,204,5,12,95,Japan
751,Santa Tell Me,Ariana Grande,dance pop,2014,31/12/1969,192,62,53,-7,29,59,204,5,12,95,Malasya
752,Sauda Khara Khara,Diljit Dosanjh,desi pop,2019,31/12/1969,145,92,69,-3,11,88,211,9,6,63,India
753,Sayonara Elegy,Masaki Suda,anime rock,2018,31/12/1969,155,93,47,-3,28,62,257,0,5,51,Japan
754,Se iluminaba,Fred De Palma,italian arena pop,2019,31/12/1969,124,69,79,-5,7,62,174,8,6,74,Spain
755,Se Prepara 2,Mc Livinho,funk carioca,2019,31/12/1969,130,45,65,-9,11,36,147,11,52,79,Brazil
756,Secukupnya,Hindia,indonesian indie,2019,31/12/1969,102,80,73,-5,35,93,205,19,3,65,Indonesia
757,Selamat (Selamat Tinggal),Virgoun,indonesian pop,2019,31/12/1969,80,58,36,-9,12,37,314,52,3,75,Indonesia
758,SENTADÃO,Pedro Sampaio,baile pop,2019,31/12/1969,174,87,68,-2,22,92,143,18,6,83,Brazil
759,Sentou e Gostou,MC JottaPê,funk carioca,2019,31/12/1969,131,67,70,-3,9,72,163,26,40,82,Brazil
760,Señorita,Shawn Mendes,canadian pop,2019,31/12/1969,117,55,76,-6,8,75,191,4,3,89,World
761,Señorita,Shawn Mendes,canadian pop,2019,31/12/1969,117,55,76,-6,8,75,191,4,3,89,Africa
762,Señorita,Shawn Mendes,canadian pop,2019,31/12/1969,117,55,76,-6,8,75,191,4,3,89,Argentina
763,Señorita,Shawn Mendes,canadian pop,2019,31/12/1969,117,55,76,-6,8,75,191,4,3,89,Belgium
764,Señorita,Shawn Mendes,canadian pop,2019,31/12/1969,117,55,76,-6,8,75,191,4,3,89,Bolivia
765,Señorita,Shawn Mendes,canadian pop,2019,31/12/1969,117,55,76,-6,8,75,191,4,3,89,Colombia
766,Señorita,Shawn Mendes,canadian pop,2019,31/12/1969,117,55,76,-6,8,75,191,4,3,89,France
767,Señorita,Shawn Mendes,canadian pop,2019,31/12/1969,117,55,76,-6,8,75,191,4,3,89,India
768,Señorita,Shawn Mendes,canadian pop,2019,31/12/1969,117,55,76,-6,8,75,191,4,3,89,Indonesia
769,Señorita,Shawn Mendes,canadian pop,2019,31/12/1969,117,55,76,-6,8,75,191,4,3,89,Israel
770,Señorita,Shawn Mendes,canadian pop,2019,31/12/1969,117,55,76,-6,8,75,191,4,3,89,Malasya
771,Serenata - Ao Vivo,Marília Mendonça,sertanejo,2019,31/12/1969,132,71,71,-6,97,74,156,10,9,81,Brazil
772,"Shaitan Ka Saala (From ""Housefull 4"")",Sohail Sen,desi pop,2019,31/12/1969,100,77,84,-5,37,34,147,28,19,67,India
773,Shape of You,Ed Sheeran,pop,2017,31/12/1969,96,65,83,-3,9,93,234,58,8,87,Japan
774,Shukumei,Official HIGE DANdism,anime rock,2019,31/12/1969,164,58,55,-6,11,49,281,2,3,53,Japan
775,Si por mi fuera,Beret,spanish hip hop,2019,31/12/1969,150,75,70,-6,10,88,209,3,3,73,Spain
776,Si Se Da - Remix,Myke Towers,latin,2019,31/12/1969,94,67,82,-6,13,77,332,44,30,85,Chile
777,Si Supieras,Daddy Yankee,latin,2019,31/12/1969,184,89,69,-2,10,62,242,29,12,82,Chile
778,Si Te Vas,Sech,panamanian pop,2019,31/12/1969,174,64,73,-4,14,55,205,9,13,90,Argentina
779,Si Te Vas,Sech,panamanian pop,2019,31/12/1969,174,64,73,-4,14,55,205,9,13,90,Bolivia
780,Si Te Vas,Sech,panamanian pop,2019,31/12/1969,174,64,73,-4,14,55,205,9,13,90,Colombia
781,Si Te Vas,Sech,panamanian pop,2019,31/12/1969,174,64,73,-4,14,55,205,9,13,90,Chile
782,Si Te Vas,Sech,panamanian pop,2019,31/12/1969,174,64,73,-4,14,55,205,9,13,90,Spain
783,Sigues Con El,Dimelo Flow,latin,2019,31/12/1969,88,67,88,-3,7,68,227,11,11,83,Argentina
784,Sigues Con El,Dimelo Flow,latin,2019,31/12/1969,88,67,88,-3,7,68,227,11,11,83,Bolivia
785,Sigues Con El,Dimelo Flow,latin,2019,31/12/1969,88,67,88,-3,7,68,227,11,11,83,Colombia
786,Sigues Con El,Dimelo Flow,latin,2019,31/12/1969,88,67,88,-3,7,68,227,11,11,83,Chile
787,Sigues Con El,Dimelo Flow,latin,2019,31/12/1969,88,67,88,-3,7,68,227,11,11,83,Spain
788,Skifahren,The Cratez,german hip hop,2019,31/12/1969,134,71,72,-7,15,44,163,22,25,51,Germany
789,Sleigh Ride,The Ronettes,adult standards,2019,31/12/1969,92,77,53,-7,32,85,181,40,3,77,World
790,Sleigh Ride,The Ronettes,adult standards,2019,31/12/1969,92,77,53,-7,32,85,181,40,3,77,Africa
791,Sleigh Ride,The Ronettes,adult standards,2019,31/12/1969,92,77,53,-7,32,85,181,40,3,77,Australia
792,Sleigh Ride,The Ronettes,adult standards,2019,31/12/1969,92,77,53,-7,32,85,181,40,3,77,Belgium
793,Sleigh Ride,The Ronettes,adult standards,2019,31/12/1969,92,77,53,-7,32,85,181,40,3,77,Canada
794,Sleigh Ride,The Ronettes,adult standards,2019,31/12/1969,92,77,53,-7,32,85,181,40,3,77,United States
795,So Am I,Ava Max,dance pop,2019,31/12/1969,130,66,68,-5,35,61,183,7,4,84,Indonesia
796,Soldi in Nero - feat. Sfera Ebbasta,Shiva,italian hip hop,2019,31/12/1969,158,66,75,-5,17,35,184,15,28,79,Italy
797,Solteiro Não Trai - Ao Vivo,Gustavo Mioto,sertanejo,2018,31/12/1969,158,83,49,-3,96,60,187,48,20,78,Brazil
798,Soltera - Remix,Lunay,latin,2019,31/12/1969,92,78,80,-4,44,80,266,36,4,80,Argentina
799,Soltera - Remix,Lunay,latin,2019,31/12/1969,92,78,80,-4,44,80,266,36,4,80,Bolivia
800,Soltera - Remix,Lunay,latin,2019,31/12/1969,92,78,80,-4,44,80,266,36,4,80,Colombia
801,Soltera - Remix,Lunay,latin,2019,31/12/1969,92,78,80,-4,44,80,266,36,4,80,Chile
802,Some que ele vem atrás,Anitta,baile pop,2019,31/12/1969,180,80,65,-6,38,60,195,7,17,84,Brazil
803,Someone You Loved,Lewis Capaldi,pop,2019,31/12/1969,110,41,50,-6,11,45,182,75,3,96,World
804,Someone You Loved,Lewis Capaldi,pop,2019,31/12/1969,110,41,50,-6,11,45,182,75,3,96,Belgium
805,Someone You Loved,Lewis Capaldi,pop,2019,31/12/1969,110,41,50,-6,11,45,182,75,3,96,Indonesia
806,Someone You Loved,Lewis Capaldi,pop,2019,31/12/1969,110,41,50,-6,11,45,182,75,3,96,Israel
807,Someone You Loved,Lewis Capaldi,pop,2019,31/12/1969,110,41,50,-6,11,45,182,75,3,96,Malasya
808,Sorbito De Champagne - Digitally Remastered Original,Pastor Lopez,cumbia,2006,31/12/1969,112,79,79,-4,4,70,211,64,4,45,Colombia
809,Soy Sabalero,Los Palmeras,argentine rock,2019,31/12/1969,132,85,78,-5,8,85,180,8,6,68,Argentina
810,Speechless (Full),Naomi Scott,hollywood,2019,31/12/1969,125,49,47,-8,12,23,209,47,3,65,Indonesia
811,Stand By You,Official HIGE DANdism,anime rock,2019,31/12/1969,154,87,61,-5,28,63,256,1,4,49,Japan
812,STAR,Nimo,german hip hop,2019,31/12/1969,108,82,81,-5,17,60,162,38,9,71,Germany
813,Step Into Christmas,Elton John,glam rock,1973,31/12/1969,140,93,53,-6,31,82,272,10,4,87,World
814,Step Into Christmas,Elton John,glam rock,1973,31/12/1969,140,93,53,-6,31,82,272,10,4,87,Australia
815,Step Into Christmas,Elton John,glam rock,1973,31/12/1969,140,93,53,-6,31,82,272,10,4,87,Canada
816,Step Into Christmas,Elton John,glam rock,1973,31/12/1969,140,93,53,-6,31,82,272,10,4,87,Germany
817,Street,Maes,french hip hop,2019,31/12/1969,148,30,66,-20,21,49,185,30,8,74,France
818,Sukendleleni,Jobe London,afro house,2019,31/12/1969,112,72,88,-6,5,24,415,5,5,50,Africa
819,Sunflower - Spider-Man: Into the Spider-Verse,Post Malone,dfw rap,2019,31/12/1969,90,52,76,-4,7,93,158,53,6,88,India
820,Sunflower - Spider-Man: Into the Spider-Verse,Post Malone,dfw rap,2019,31/12/1969,90,52,76,-4,7,93,158,53,6,88,Malasya
821,Supera - Ao Vivo,Marília Mendonça,sertanejo,2019,31/12/1969,132,74,67,-4,96,66,148,6,6,85,Brazil
850,SUPREME - L'ego (feat. tha Supreme & Sfera Ebbasta),Marracash,italian hip hop,2019,31/12/1969,141,66,66,-6,13,51,223,7,6,81,Italy
851,Surtada - Remix Brega Funk,Dadá Boladão,brega funk,2019,31/12/1969,154,55,83,-7,18,88,153,25,6,86,Brazil
852,sw1n6o - feat. Salmo,tha Supreme,trap italiana,2019,31/12/1969,170,83,57,-6,79,79,184,12,9,78,Italy
853,Tabaco y Ron,Rodolfo Aicardi,classic colombian pop,2012,31/12/1969,103,77,76,-7,11,96,243,18,4,54,Colombia
854,Tak Ingin Pisah Lagi,Marion Jola,indonesian pop,2019,31/12/1969,95,40,66,-6,14,34,266,58,3,64,Indonesia
855,Takeaway,The Chainsmokers,electropop,2019,31/12/1969,100,51,53,-8,10,35,210,13,3,83,Indonesia
856,Takeaway,The Chainsmokers,electropop,2019,31/12/1969,100,51,53,-8,10,35,210,13,3,83,Malasya
857,Tal Vez,Paulo Londra,argentine hip hop,2019,31/12/1969,162,65,86,-2,8,74,264,25,15,80,Argentina
858,Tal Vez,Paulo Londra,argentine hip hop,2019,31/12/1969,162,65,86,-2,8,74,264,25,15,80,Bolivia
859,Tanpa Tergesa,Juicy Luicy,indonesian pop,2018,31/12/1969,96,29,70,-7,11,45,218,31,3,76,Indonesia
860,Te Quemaste,Manuel Turizo,colombian pop,2019,31/12/1969,176,77,73,-2,29,72,199,61,13,85,Spain
861,Te Vi,Piso 21,colombian pop,2018,31/12/1969,102,78,88,-4,9,71,232,4,12,85,Bolivia
862,Teenager Forever,King Gnu,j-pop,2019,31/12/1969,115,92,50,-4,34,70,189,7,11,39,Japan
863,Tender Love (feat. DJ Maphorisa & Kabza De Small),Sha Sha,afro house,2019,31/12/1969,113,39,85,-14,5,45,444,1,6,53,Africa
864,"Tera Ban Jaunga (From ""Kabir Singh"")",Akhil Sachdeva,desi pop,2019,31/12/1969,94,53,61,-6,13,40,236,82,2,59,India
865,Thank God It's Christmas - Non-Album Single,Queen,glam rock,1984,31/12/1969,83,42,30,-9,23,34,262,21,3,80,Australia
866,Thank God It's Christmas - Non-Album Single,Queen,glam rock,1984,31/12/1969,83,42,30,-9,23,34,262,21,3,80,Germany
867,The Best Side Of Life,Sarah Connor,german pop,2006,31/12/1969,91,63,63,-5,12,55,229,56,3,72,Germany
868,The Box,Roddy Ricch,melodic rap,2019,31/12/1969,117,59,90,-7,79,64,197,10,6,89,Canada
869,The Box,Roddy Ricch,melodic rap,2019,31/12/1969,117,59,90,-7,79,64,197,10,6,89,United States
870,The Christmas Song (Merry Christmas To You),Nat King Cole,adult standards,1962,31/12/1969,79,21,32,-15,14,21,192,92,3,89,World
871,The Christmas Song (Merry Christmas To You),Nat King Cole,adult standards,1962,31/12/1969,79,21,32,-15,14,21,192,92,3,89,Africa
872,The Christmas Song (Merry Christmas To You),Nat King Cole,adult standards,1962,31/12/1969,79,21,32,-15,14,21,192,92,3,89,Australia
873,The Christmas Song (Merry Christmas To You),Nat King Cole,adult standards,1962,31/12/1969,79,21,32,-15,14,21,192,92,3,89,Belgium
874,The Christmas Song (Merry Christmas To You),Nat King Cole,adult standards,1962,31/12/1969,79,21,32,-15,14,21,192,92,3,89,Canada
875,The Christmas Song (Merry Christmas To You),Nat King Cole,adult standards,1962,31/12/1969,79,21,32,-15,14,21,192,92,3,89,United States
876,This Christmas,Donny Hathaway,chicago soul,1971,31/12/1969,93,65,63,-9,25,68,231,29,4,59,Belgium
877,This Christmas,Donny Hathaway,chicago soul,1971,31/12/1969,93,65,63,-9,25,68,231,29,4,59,United States
878,Ti volevo dedicare (feat. J-AX & Boomdabash),Rocco Hunt,italian hip hop,2019,31/12/1969,120,73,75,-6,19,27,208,1,7,80,Italy
879,Tijolão - Ao Vivo,Jorge & Mateus,sertanejo,2019,31/12/1969,119,88,64,-4,34,69,175,47,20,83,Brazil
880,Tiro Certo - Ao Vivo,Zé Felipe,funk carioca,2019,31/12/1969,130,91,71,-5,71,69,179,56,7,65,Brazil
881,To Voando Alto,Mc Poze do Rodo,funk carioca,2019,31/12/1969,145,68,89,-3,8,80,137,31,17,80,Brazil
882,Todo Mundo Vai Sofrer - Ao Vivo,Marília Mendonça,sertanejo,2019,31/12/1969,111,74,62,-4,41,58,155,28,7,81,Brazil
883,Tolong,Budi Doremi,indonesian pop,2018,31/12/1969,136,20,44,-12,10,24,250,89,4,78,Indonesia
884,Traicionera,Pastor Lopez,cumbia,2012,31/12/1969,130,59,78,-5,19,96,215,53,4,55,Colombia
885,Trampoline (with ZAYN),SHAED,electropop,2019,31/12/1969,127,46,62,-6,14,50,184,56,3,92,France
886,Trampoline (with ZAYN),SHAED,electropop,2019,31/12/1969,127,46,62,-6,14,50,184,56,3,92,India
887,Trampoline (with ZAYN),SHAED,electropop,2019,31/12/1969,127,46,62,-6,14,50,184,56,3,92,Malasya
888,"Tu Hi Yaar Mera (From ""Pati Patni Aur Woh"")",Rochak,desi pop,2019,31/12/1969,87,38,72,-8,13,48,201,59,6,64,India
889,"Tujhe Kitna Chahne Lage (From ""Kabir Singh"")",Arijit Singh,desi pop,2019,31/12/1969,70,40,43,-8,11,31,285,74,4,69,India
890,"Tum Hi Aana (From ""Marjaavaan"")",Payal Dev,modern bollywood,2019,31/12/1969,90,40,47,-7,15,35,249,63,2,74,India
891,Turning Up,ARASHI,j-pop,2019,31/12/1969,118,82,77,-5,24,90,183,2,10,68,Japan
892,Tusa,KAROL G,latin,2019,31/12/1969,101,72,80,-3,6,57,201,30,30,96,World
893,Tusa,KAROL G,latin,2019,31/12/1969,101,72,80,-3,6,57,201,30,30,96,Argentina
894,Tusa,KAROL G,latin,2019,31/12/1969,101,72,80,-3,6,57,201,30,30,96,Bolivia
895,Tusa,KAROL G,latin,2019,31/12/1969,101,72,80,-3,6,57,201,30,30,96,Colombia
896,Tusa,KAROL G,latin,2019,31/12/1969,101,72,80,-3,6,57,201,30,30,96,Chile
897,Tusa,KAROL G,latin,2019,31/12/1969,101,72,80,-3,6,57,201,30,30,96,Spain
898,Tutto Questo Sei Tu,Ultimo,italian pop,2019,31/12/1969,162,51,45,-6,11,42,245,44,3,76,Italy
899,Tutu,Camilo,colombian pop,2019,31/12/1969,146,83,73,-3,7,94,179,27,5,90,Argentina
900,Tutu,Camilo,colombian pop,2019,31/12/1969,146,83,73,-3,7,94,179,27,5,90,Bolivia
901,Tutu,Camilo,colombian pop,2019,31/12/1969,146,83,73,-3,7,94,179,27,5,90,Colombia
902,Tutu,Camilo,colombian pop,2019,31/12/1969,146,83,73,-3,7,94,179,27,5,90,Chile
903,Umbrella,King Gnu,j-pop,2019,31/12/1969,105,90,65,-3,5,70,202,38,8,51,Japan
904,Umlilo,DJ Zinhle,kwaito,2019,31/12/1969,125,70,70,-5,8,62,237,27,3,52,Africa
905,Un million par mois,Djadja & Dinaz,french hip hop,2019,31/12/1969,135,54,76,-6,13,72,189,66,5,67,France
906,Un peu de haine,PLK,french hip hop,2019,31/12/1969,134,66,77,-7,22,42,168,44,6,76,France
907,Una Cerveza,Rafaga,cumbia chilena,2016,31/12/1969,98,91,75,-2,9,76,241,32,5,67,Argentina
908,Una Vida Para Recordar,Piso 21,colombian pop,2019,31/12/1969,182,78,70,-3,12,48,215,7,20,81,Bolivia
915,Una volta ancora (feat. Ana Mena),Fred De Palma,italian arena pop,2019,31/12/1969,124,64,77,-5,10,59,174,8,6,76,Italy
918,Underneath the Tree,Kelly Clarkson,dance pop,2013,31/12/1969,160,81,51,-5,21,69,230,0,5,88,World
922,Underneath the Tree,Kelly Clarkson,dance pop,2013,31/12/1969,160,81,51,-5,21,69,230,0,5,88,Africa
933,Underneath the Tree,Kelly Clarkson,dance pop,2013,31/12/1969,160,81,51,-5,21,69,230,0,5,88,Australia
935,Underneath the Tree,Kelly Clarkson,dance pop,2013,31/12/1969,160,81,51,-5,21,69,230,0,5,88,Belgium
936,Underneath the Tree,Kelly Clarkson,dance pop,2013,31/12/1969,160,81,51,-5,21,69,230,0,5,88,Canada
938,Underneath the Tree,Kelly Clarkson,dance pop,2013,31/12/1969,160,81,51,-5,21,69,230,0,5,88,Germany
939,Underneath the Tree,Kelly Clarkson,dance pop,2013,31/12/1969,160,81,51,-5,21,69,230,0,5,88,United States
940,Underneath the Tree,Kelly Clarkson,dance pop,2013,31/12/1969,160,81,51,-5,21,69,230,0,5,88,Italy
942,Underneath the Tree,Kelly Clarkson,dance pop,2013,31/12/1969,160,81,51,-5,21,69,230,0,5,88,Japan
943,Unfaithful,Dennis Lloyd,israeli pop,2019,31/12/1969,76,57,64,-5,25,42,141,1,5,69,Israel
944,Vaaste,Dhvani Bhanushali,desi pop,2019,31/12/1969,90,48,44,-6,10,32,196,45,4,68,India
945,Ve Maahi,Arijit Singh,desi pop,2019,31/12/1969,103,55,65,-7,22,29,224,41,3,61,India
948,Ve'Eem Tavo'ee Elay (And If You Will Come To Me),Idan Raichel,classic israeli pop,2019,31/12/1969,112,88,73,-5,10,23,213,50,3,43,Israel
949,Verdinha,Ludmilla,baile pop,2019,31/12/1969,138,95,85,-4,12,63,160,35,12,81,Brazil
951,Verte Ir,DJ Luian,latin,2019,31/12/1969,96,65,86,-4,8,55,268,39,10,85,Chile
952,Vete,Bad Bunny,latin,2019,31/12/1969,92,67,89,-4,10,53,192,4,19,94,Argentina
953,Vete,Bad Bunny,latin,2019,31/12/1969,92,67,89,-4,10,53,192,4,19,94,Bolivia
954,Vete,Bad Bunny,latin,2019,31/12/1969,92,67,89,-4,10,53,192,4,19,94,Colombia
955,Vete,Bad Bunny,latin,2019,31/12/1969,92,67,89,-4,10,53,192,4,19,94,Chile
956,Vete,Bad Bunny,latin,2019,31/12/1969,92,67,89,-4,10,53,192,4,19,94,Spain
957,Víspera de Año Nuevo,Guillermo Buitrago,classic colombian pop,2012,31/12/1969,100,83,60,-6,8,98,150,85,13,49,Colombia
958,Vor der Tür,Gzuz,deep german hip hop,2019,31/12/1969,101,73,86,-6,10,20,171,2,19,63,Germany
959,Vou Ter Que Superar - Ao Vivo,Matheus & Kauan,pop nacional,2019,31/12/1969,106,72,51,-6,87,42,189,77,6,80,Brazil
960,Vula Vala,DJ Maphorisa,afro house,2019,31/12/1969,113,59,91,-11,8,14,374,2,6,52,Africa
961,Waktu Yang Salah,Fiersa Besari,indonesian indie,2014,31/12/1969,130,28,67,-11,10,30,326,79,3,76,Indonesia
962,Walking with you,Novelbright,j-pop,2018,31/12/1969,93,97,42,-1,53,50,223,1,6,67,Japan
963,Watermelon Sugar,Harry Styles,dance pop,2019,31/12/1969,95,82,55,-4,34,56,174,12,5,86,Malasya
964,Way Back Home (feat. Conor Maynard) - Sam Feldt Edit,SHAUN,k-pop,2018,31/12/1969,106,75,74,-5,22,45,192,27,3,79,Indonesia
965,What Christmas Means To Me,Stevie Wonder,adult standards,1967,31/12/1969,167,54,48,-10,8,82,147,24,4,80,Australia
966,What Christmas Means To Me,Stevie Wonder,adult standards,1967,31/12/1969,167,54,48,-10,8,82,147,24,4,80,Canada
967,Wherever you are,ONE OK ROCK,j-pop,2010,31/12/1969,174,69,38,-5,34,29,296,3,5,62,Japan
968,Whine Up,Nicky Jam,latin,2019,31/12/1969,105,67,82,-6,10,66,215,5,8,91,Argentina
969,Whine Up,Nicky Jam,latin,2019,31/12/1969,105,67,82,-6,10,66,215,5,8,91,Bolivia
970,Whine Up,Nicky Jam,latin,2019,31/12/1969,105,67,82,-6,10,66,215,5,8,91,Colombia
971,Whine Up,Nicky Jam,latin,2019,31/12/1969,105,67,82,-6,10,66,215,5,8,91,Chile
972,Whine Up,Nicky Jam,latin,2019,31/12/1969,105,67,82,-6,10,66,215,5,8,91,Spain
973,White Christmas,Bing Crosby,adult standards,1942,31/12/1969,131,16,32,-16,34,25,177,67,4,89,World
974,White Christmas,Bing Crosby,adult standards,1942,31/12/1969,131,16,32,-16,34,25,177,67,4,89,Africa
975,White Christmas,Bing Crosby,adult standards,1942,31/12/1969,131,16,32,-16,34,25,177,67,4,89,Australia
976,White Christmas,Bing Crosby,adult standards,1942,31/12/1969,131,16,32,-16,34,25,177,67,4,89,Belgium
977,White Christmas,Bing Crosby,adult standards,1942,31/12/1969,131,16,32,-16,34,25,177,67,4,89,Canada
978,White Christmas,Bing Crosby,adult standards,1942,31/12/1969,131,16,32,-16,34,25,177,67,4,89,United States
979,White Christmas (with Shania Twain),Michael Bublé,adult standards,2011,31/12/1969,127,49,61,-7,13,64,218,44,4,73,Australia
980,Wieso tust Du dir das an?,Apache 207,german hip hop,2019,31/12/1969,134,48,86,-7,12,46,176,29,6,79,Germany
981,Winter Wonderland,Tony Bennett,adult standards,1968,31/12/1969,115,37,45,-14,8,63,134,83,4,85,Australia
982,Winter Wonderland,Tony Bennett,adult standards,1968,31/12/1969,115,37,45,-14,8,63,134,83,4,85,Canada
983,Winter Wonderland - Remastered 2006,Bing Crosby,adult standards,2006,31/12/1969,127,23,59,-14,12,54,144,83,5,83,United States
984,Woin Woin feat. RK,Larry,french hip hop,2019,31/12/1969,130,64,90,-7,8,70,173,17,29,77,France
985,Wonderful Christmastime - Edited Version / Remastered 2011,Paul McCartney,album rock,1980,31/12/1969,95,51,77,-9,7,77,228,32,3,91,World
986,Wonderful Christmastime - Edited Version / Remastered 2011,Paul McCartney,album rock,1980,31/12/1969,95,51,77,-9,7,77,228,32,3,91,Africa
987,Wonderful Christmastime - Edited Version / Remastered 2011,Paul McCartney,album rock,1980,31/12/1969,95,51,77,-9,7,77,228,32,3,91,Belgium
988,Wonderful Christmastime - Edited Version / Remastered 2011,Paul McCartney,album rock,1980,31/12/1969,95,51,77,-9,7,77,228,32,3,91,Canada
989,Wonderful Christmastime - Edited Version / Remastered 2011,Paul McCartney,album rock,1980,31/12/1969,95,51,77,-9,7,77,228,32,3,91,Germany
990,Wonderful Christmastime - Edited Version / Remastered 2011,Paul McCartney,album rock,1980,31/12/1969,95,51,77,-9,7,77,228,32,3,91,United States
991,Wonderful Christmastime - Edited Version / Remastered 2011,Paul McCartney,album rock,1980,31/12/1969,95,51,77,-9,7,77,228,32,3,91,Italy
992,Wonderful Dream (Holidays Are Coming) - Radio Version,Melanie Thornton,NA,2001,31/12/1969,150,68,58,-5,26,52,232,11,3,79,Germany
993,Ya No Mas,Fer Palacio,NA,2019,31/12/1969,100,68,80,-6,7,88,158,14,6,75,Argentina
994,Yaad Piya Ki Aane Lagi,Neha Kakkar,desi pop,2019,31/12/1969,108,83,86,-4,11,69,257,38,5,72,India
995,Yesterday,Official HIGE DANdism,anime rock,2019,31/12/1969,130,80,54,-4,40,56,299,4,4,55,Japan
996,"Yo x Ti, Tu x Mi",ROSALÍA,r&b en espanol,2019,31/12/1969,92,76,78,-3,14,58,201,46,23,90,Argentina
997,"Yo x Ti, Tu x Mi",ROSALÍA,r&b en espanol,2019,31/12/1969,92,76,78,-3,14,58,201,46,23,90,Bolivia
998,"Yo x Ti, Tu x Mi",ROSALÍA,r&b en espanol,2019,31/12/1969,92,76,78,-3,14,58,201,46,23,90,Chile
999,"Yo x Ti, Tu x Mi",ROSALÍA,r&b en espanol,2019,31/12/1969,92,76,78,-3,14,58,201,46,23,90,Spain
1000,You Make It Feel Like Christmas (feat. Blake Shelton),Gwen Stefani,dance pop,2017,31/12/1969,93,87,64,-4,12,91,157,2,4,85,Italy
,Zorra,Bad Gyal,rap catalan,2019,31/12/1969,176,65,64,-7,8,74,186,68,19,76,Spain
